المربع,القطعة,المساحة,سعر المتر الأساسى,تميز ناصية,تميز حدائق,تميز بحر أو نيل,سعر المتر الإجمالي,السعر الإجمالي,الدفعة المقدمة,ZoneID,Page,District
منطقة (A),106,719.64,270,0,0,0,270,"194,302.80","48,575.70",1508,1,District 7
منطقة (A),107,719.64,270,0,0,0,270,"194,302.80","48,575.70",1508,1,District 7
منطقة (A),108,719.64,270,0,0,0,270,"194,302.80","48,575.70",1508,1,District 7
منطقة (A),109,719.64,270,0,0,0,270,"194,302.80","48,575.70",1508,1,District 7
منطقة (A),117,664.98,270,0,0,0,270,"179,544.60","44,886.15",1508,1,District 7
منطقة (A),158,600.00,270,0,0,0,270,"162,000.00","40,500.00",1508,1,District 7
منطقة (A),159,600.00,270,0,0,0,270,"162,000.00","40,500.00",1508,1,District 7
منطقة (A),160,600.00,270,0,0,0,270,"162,000.00","40,500.00",1508,1,District 7
منطقة (A),165,705.85,270,0,0,0,270,"190,579.50","47,644.88",1508,1,District 7
منطقة (A),166,705.85,270,0,0,0,270,"190,579.50","47,644.88",1508,1,District 7
منطقة (A),171,558.11,270,0,0,0,270,"150,689.70","37,672.43",1508,1,District 7
منطقة (A),187,"1,073.51",270,0,0,0,270,"289,847.70","72,461.93",1508,1,District 7
منطقة (A),190,"1,137.46",270,0,0,0,270,"307,114.20","76,778.55",1508,1,District 7
منطقة (A),191,690.00,270,0,0,0,270,"186,300.00","46,575.00",1508,1,District 7
منطقة (A),193,660.00,270,0,0,0,270,"178,200.00","44,550.00",1508,1,District 7
منطقة (A),214,675.00,270,0,0,0,270,"182,250.00","45,562.50",1508,1,District 7
منطقة (A),87,674.95,270,0,0,0,270,"182,236.50","45,559.13",1508,1,District 7
منطقة (A),88,674.95,270,0,0,0,270,"182,236.50","45,559.13",1508,1,District 7
منطقة (A),92,674.95,270,0,0,0,270,"182,236.50","45,559.13",1508,1,District 7
منطقة (B),101,726.05,270,0,0,0,270,"196,033.50","49,008.38",1542,1,District 7
منطقة (B),113,684.47,270,0,0,0,270,"184,806.90","46,201.73",1542,1,District 7
منطقة (B),114,684.47,270,0,0,0,270,"184,806.90","46,201.73",1542,1,District 7
منطقة (B),115,690.85,270,0,0,0,270,"186,529.50","46,632.38",1542,1,District 7
منطقة (B),116,724.32,270,0,0,0,270,"195,566.40","48,891.60",1542,1,District 7
منطقة (B),117,724.32,270,0,0,0,270,"195,566.40","48,891.60",1542,1,District 7
منطقة (B),121,690.75,270,0,0,0,270,"186,502.50","46,625.63",1542,1,District 7
منطقة (B),122,690.75,270,0,0,0,270,"186,502.50","46,625.63",1542,1,District 7
منطقة (B),123,690.75,270,0,0,0,270,"186,502.50","46,625.63",1542,1,District 7
منطقة (B),124,690.75,270,0,0,0,270,"186,502.50","46,625.63",1542,1,District 7
منطقة (B),128,627.95,270,0,0,0,270,"169,546.50","42,386.63",1542,1,District 7
منطقة (B),154,690.00,270,0,0,0,270,"186,300.00","46,575.00",1542,1,District 7
منطقة (B),155,690.00,270,0,0,0,270,"186,300.00","46,575.00",1542,1,District 7
منطقة (B),156,690.00,270,0,0,0,270,"186,300.00","46,575.00",1542,1,District 7
منطقة (B),159,690.00,270,0,0,0,270,"186,300.00","46,575.00",1542,1,District 7
منطقة (B),160,690.00,270,0,0,0,270,"186,300.00","46,575.00",1542,1,District 7
منطقة (B),162,690.00,270,0,0,0,270,"186,300.00","46,575.00",1542,1,District 7
منطقة (B),163,690.00,270,0,0,0,270,"186,300.00","46,575.00",1542,1,District 7
منطقة (B),164,690.00,270,0,0,0,270,"186,300.00","46,575.00",1542,1,District 7
منطقة (B),165,690.00,270,0,0,0,270,"186,300.00","46,575.00",1542,1,District 7
منطقة (B),200,684.00,270,0,0,0,270,"184,680.00","46,170.00",1542,2,District 7
منطقة (B),228,690.00,270,0,0,0,270,"186,300.00","46,575.00",1542,2,District 7
منطقة (B),229,690.00,270,0,0,0,270,"186,300.00","46,575.00",1542,2,District 7
منطقة (B),231,690.00,270,0,0,0,270,"186,300.00","46,575.00",1542,2,District 7
منطقة (B),232,690.00,270,0,0,0,270,"186,300.00","46,575.00",1542,2,District 7
منطقة (B),251,690.00,270,0,0,0,270,"186,300.00","46,575.00",1542,2,District 7
منطقة (B),252,690.00,270,0,0,0,270,"186,300.00","46,575.00",1542,2,District 7
منطقة (B),257,630.00,270,0,0,0,270,"170,100.00","42,525.00",1542,2,District 7
منطقة (B),34,669.87,270,0,0,0,270,"180,864.90","45,216.23",1542,2,District 7
منطقة (B),35,669.87,270,0,0,0,270,"180,864.90","45,216.23",1542,2,District 7
منطقة (B),37,669.87,270,0,0,0,270,"180,864.90","45,216.23",1542,2,District 7
منطقة (B),38,669.87,270,0,0,0,270,"180,864.90","45,216.23",1542,2,District 7
منطقة (B),40,669.87,270,0,0,0,270,"180,864.90","45,216.23",1542,2,District 7
منطقة (B),41,669.87,270,0,0,0,270,"180,864.90","45,216.23",1542,2,District 7
منطقة (B),56,641.14,270,0,0,0,270,"173,107.80","43,276.95",1542,2,District 7
منطقة (B),59,606.17,270,0,0,0,270,"163,665.90","40,916.48",1542,2,District 7
منطقة (B),60,606.17,270,0,0,0,270,"163,665.90","40,916.48",1542,2,District 7
منطقة (B),61,606.17,270,0,0,0,270,"163,665.90","40,916.48",1542,2,District 7
منطقة (B),66,705.42,270,0,0,0,270,"190,463.40","47,615.85",1542,2,District 7
منطقة (B),67,705.42,270,0,0,0,270,"190,463.40","47,615.85",1542,2,District 7
منطقة (B),68,705.42,270,0,0,0,270,"190,463.40","47,615.85",1542,3,District 7
منطقة (B),69,705.42,270,0,0,0,270,"190,463.40","47,615.85",1542,3,District 7
منطقة (B),70,705.42,270,0,0,0,270,"190,463.40","47,615.85",1542,3,District 7
منطقة (B),74,691.14,270,0,0,0,270,"186,607.80","46,651.95",1542,3,District 7
منطقة (B),78,691.14,270,0,0,0,270,"186,607.80","46,651.95",1542,3,District 7
منطقة (B),83,920.80,270,0,0,0,270,"248,616.00","62,154.00",1542,3,District 7
منطقة (B),85,"1,333.39",270,0,0,0,270,"360,015.30","90,003.83",1542,3,District 7
منطقة (B),97,726.05,270,0,0,0,270,"196,033.50","49,008.38",1542,3,District 7
منطقة (B),99,726.05,270,0,0,0,270,"196,033.50","49,008.38",1542,3,District 7
منطقة (C),100,616.03,270,0,0,0,270,"166,328.10","41,582.03",1544,1,District 7
منطقة (C),103,616.03,270,0,0,0,270,"166,328.10","41,582.03",1544,1,District 7
منطقة (C),104,616.03,270,0,0,0,270,"166,328.10","41,582.03",1544,1,District 7
منطقة (C),110,654.33,270,0,0,0,270,"176,669.10","44,167.28",1544,1,District 7
منطقة (C),122,605.34,270,0,0,0,270,"163,441.80","40,860.45",1544,1,District 7
منطقة (C),134,683.79,270,0,0,0,270,"184,623.30","46,155.83",1544,1,District 7
منطقة (C),135,683.79,270,0,0,0,270,"184,623.30","46,155.83",1544,1,District 7
منطقة (C),136,683.79,270,0,0,0,270,"184,623.30","46,155.83",1544,1,District 7
منطقة (C),21,690.00,270,0,0,0,270,"186,300.00","46,575.00",1544,1,District 7
منطقة (C),22,690.00,270,0,0,0,270,"186,300.00","46,575.00",1544,1,District 7
منطقة (C),27,690.00,270,0,0,0,270,"186,300.00","46,575.00",1544,1,District 7
منطقة (C),29,690.00,270,0,0,0,270,"186,300.00","46,575.00",1544,1,District 7
منطقة (C),30,690.00,270,0,0,0,270,"186,300.00","46,575.00",1544,1,District 7
منطقة (C),31,690.00,270,0,0,0,270,"186,300.00","46,575.00",1544,1,District 7
منطقة (C),34,690.00,270,0,0,0,270,"186,300.00","46,575.00",1544,1,District 7
منطقة (C),37,690.00,270,0,0,0,270,"186,300.00","46,575.00",1544,1,District 7
منطقة (C),38,690.00,270,0,0,0,270,"186,300.00","46,575.00",1544,1,District 7
منطقة (C),43,690.00,270,0,0,0,270,"186,300.00","46,575.00",1544,1,District 7
منطقة (C),68,649.64,270,0,0,0,270,"175,402.80","43,850.70",1544,1,District 7
منطقة (D),104,660.00,270,0,0,0,270,"178,200.00","44,550.00",1545,1,District 7
منطقة (D),123,707.09,270,0,0,0,270,"190,914.30","47,728.58",1545,1,District 7
منطقة (D),124,707.09,270,0,0,0,270,"190,914.30","47,728.58",1545,1,District 7
منطقة (D),125,707.09,270,0,0,0,270,"190,914.30","47,728.58",1545,1,District 7
منطقة (D),126,707.09,270,0,0,0,270,"190,914.30","47,728.58",1545,1,District 7
منطقة (D),127,906.47,270,14,0,0,284,"257,437.48","64,359.37",1545,1,District 7
منطقة (D),130,691.72,270,0,0,0,270,"186,764.40","46,691.10",1545,1,District 7
منطقة (D),131,691.72,270,0,0,0,270,"186,764.40","46,691.10",1545,1,District 7
منطقة (D),132,691.72,270,0,0,0,270,"186,764.40","46,691.10",1545,1,District 7
منطقة (D),138,680.57,270,0,0,0,270,"183,753.90","45,938.48",1545,1,District 7
منطقة (D),140,891.86,270,14,0,0,284,"253,288.24","63,322.06",1545,1,District 7
منطقة (D),142,695.70,270,0,0,0,270,"187,839.00","46,959.75",1545,1,District 7
منطقة (D),143,695.70,270,0,0,0,270,"187,839.00","46,959.75",1545,1,District 7
منطقة (D),144,695.70,270,0,0,0,270,"187,839.00","46,959.75",1545,1,District 7
منطقة (D),145,891.76,270,14,0,0,284,"253,259.84","63,314.96",1545,1,District 7
منطقة (D),151,615.53,270,0,0,0,270,"166,193.10","41,548.28",1545,1,District 7
منطقة (D),152,615.53,270,0,0,0,270,"166,193.10","41,548.28",1545,1,District 7
منطقة (D),153,615.53,270,0,0,0,270,"166,193.10","41,548.28",1545,1,District 7
منطقة (D),157,605.18,270,0,0,0,270,"163,398.60","40,849.65",1545,1,District 7
منطقة (D),158,605.18,270,0,0,0,270,"163,398.60","40,849.65",1545,1,District 7
منطقة (D),159,605.18,270,0,0,0,270,"163,398.60","40,849.65",1545,2,District 7
منطقة (D),160,605.18,270,0,0,0,270,"163,398.60","40,849.65",1545,2,District 7
منطقة (D),164,926.44,270,14,0,0,284,"263,108.96","65,777.24",1545,2,District 7
منطقة (D),172,639.45,270,0,0,0,270,"172,651.50","43,162.88",1545,2,District 7
منطقة (D),175,628.36,270,0,0,0,270,"169,657.20","42,414.30",1545,2,District 7
منطقة (D),177,628.36,270,0,0,0,270,"169,657.20","42,414.30",1545,2,District 7
منطقة (D),180,613.75,270,0,0,0,270,"165,712.50","41,428.13",1545,2,District 7
منطقة (D),182,642.98,270,0,0,0,270,"173,604.60","43,401.15",1545,2,District 7
منطقة (D),193,723.93,270,0,0,0,270,"195,461.10","48,865.28",1545,2,District 7
منطقة (D),194,723.93,270,0,0,0,270,"195,461.10","48,865.28",1545,2,District 7
منطقة (D),202,610.11,270,0,0,0,270,"164,729.70","41,182.43",1545,2,District 7
منطقة (D),204,610.11,270,0,0,0,270,"164,729.70","41,182.43",1545,2,District 7
منطقة (D),206,610.11,270,0,0,0,270,"164,729.70","41,182.43",1545,2,District 7
منطقة (D),210,640.61,270,0,0,0,270,"172,964.70","43,241.18",1545,2,District 7
منطقة (D),233,618.38,270,0,0,0,270,"166,962.60","41,740.65",1545,2,District 7
منطقة (D),235,618.38,270,0,0,0,270,"166,962.60","41,740.65",1545,2,District 7
منطقة (D),236,618.38,270,0,0,0,270,"166,962.60","41,740.65",1545,2,District 7
منطقة (D),24,695.46,270,0,0,0,270,"187,774.20","46,943.55",1545,2,District 7
منطقة (D),241,647.64,270,0,0,0,270,"174,862.80","43,715.70",1545,2,District 7
منطقة (D),242,647.64,270,0,0,0,270,"174,862.80","43,715.70",1545,2,District 7
منطقة (D),244,647.64,270,0,0,0,270,"174,862.80","43,715.70",1545,3,District 7
منطقة (D),25,695.46,270,0,0,0,270,"187,774.20","46,943.55",1545,3,District 7
منطقة (D),28,665.23,270,0,0,0,270,"179,612.10","44,903.03",1545,3,District 7
منطقة (D),32,665.23,270,0,0,0,270,"179,612.10","44,903.03",1545,3,District 7
منطقة (D),37,695.46,270,0,0,0,270,"187,774.20","46,943.55",1545,3,District 7
منطقة (D),46,940.81,270,14,0,0,284,"267,190.04","66,797.51",1545,3,District 7
منطقة (D),63,690.00,270,0,0,0,270,"186,300.00","46,575.00",1545,3,District 7
منطقة (D),65,690.00,270,0,0,0,270,"186,300.00","46,575.00",1545,3,District 7
منطقة (D),66,690.00,270,0,0,0,270,"186,300.00","46,575.00",1545,3,District 7
منطقة (D),67,690.00,270,0,0,0,270,"186,300.00","46,575.00",1545,3,District 7
منطقة (D),70,675.00,270,0,0,0,270,"182,250.00","45,562.50",1545,3,District 7
منطقة (D),72,675.00,270,0,0,0,270,"182,250.00","45,562.50",1545,3,District 7
منطقة (D),75,675.00,270,0,0,0,270,"182,250.00","45,562.50",1545,3,District 7
منطقة (D),78,658.47,270,0,0,0,270,"177,786.90","44,446.73",1545,3,District 7
منطقة (D),79,658.45,270,0,0,0,270,"177,781.50","44,445.38",1545,3,District 7
منطقة (D),80,658.45,270,0,0,0,270,"177,781.50","44,445.38",1545,3,District 7
منطقة (D),81,658.45,270,0,0,0,270,"177,781.50","44,445.38",1545,3,District 7
منطقة (D),84,590.07,270,0,0,0,270,"159,318.90","39,829.73",1545,3,District 7
منطقة (D),85,590.07,270,0,0,0,270,"159,318.90","39,829.73",1545,3,District 7
منطقة (D),86,590.07,270,0,0,0,270,"159,318.90","39,829.73",1545,3,District 7
منطقة (D),87,590.33,270,0,0,0,270,"159,389.10","39,847.28",1545,4,District 7
منطقة (D),92,660.00,270,0,0,0,270,"178,200.00","44,550.00",1545,4,District 7
منطقة (D),95,660.00,270,0,0,0,270,"178,200.00","44,550.00",1545,4,District 7
منطقة (D),96,660.00,270,0,0,0,270,"178,200.00","44,550.00",1545,4,District 7
منطقة (E),14,706.45,270,0,0,0,270,"190,741.50","47,685.38",1547,1,District 7
منطقة (E),17,629.82,270,0,0,0,270,"170,051.40","42,512.85",1547,1,District 7
منطقة (E),27,649.07,270,0,0,0,270,"175,248.90","43,812.23",1547,1,District 7
منطقة (E),28,649.07,270,0,0,0,270,"175,248.90","43,812.23",1547,1,District 7
منطقة (E),29,649.07,270,0,0,0,270,"175,248.90","43,812.23",1547,1,District 7
منطقة (E),30,649.07,270,0,0,0,270,"175,248.90","43,812.23",1547,1,District 7
منطقة (E),31,729.45,270,0,0,0,270,"196,951.50","49,237.88",1547,1,District 7
منطقة (E),34,704.89,270,0,0,0,270,"190,320.30","47,580.08",1547,1,District 7
منطقة (E),36,627.22,270,0,0,0,270,"169,349.40","42,337.35",1547,1,District 7
منطقة (E),90,674.95,270,0,0,0,270,"182,236.50","45,559.13",1547,1,District 7
منطقة (E),95,674.95,270,0,0,0,270,"182,236.50","45,559.13",1547,1,District 7
منطقة (E),96,674.95,270,0,0,0,270,"182,236.50","45,559.13",1547,1,District 7
منطقة (E),99,931.04,270,0,0,0,270,"251,380.80","62,845.20",1547,1,District 7
منطقة (F),112,626.57,270,0,0,0,270,"169,173.90","42,293.48",1548,1,District 7
منطقة (F),114,626.57,270,0,0,0,270,"169,173.90","42,293.48",1548,1,District 7
منطقة (F),64,625.86,270,0,0,0,270,"168,982.20","42,245.55",1548,1,District 7
منطقة (F),82,694.36,270,0,0,0,270,"187,477.20","46,869.30",1548,1,District 7
منطقة (F),83,694.36,270,0,0,0,270,"187,477.20","46,869.30",1548,1,District 7
منطقة (F),86,611.93,270,0,0,0,270,"165,221.10","41,305.28",1548,1,District 7
منطقة (F),87,613.59,270,0,0,0,270,"165,669.30","41,417.33",1548,1,District 7
منطقة (G),13,695.00,270,0,0,0,270,"187,650.00","46,912.50",1549,1,District 7
منطقة (G),15,914.00,270,14,0,0,284,"259,576.00","64,894.00",1549,1,District 7
منطقة (G),5,929.00,270,14,0,0,284,"263,836.00","65,959.00",1549,1,District 7
منطقة (G),6,929.00,270,14,0,0,284,"263,836.00","65,959.00",1549,1,District 7
منطقة (G),60,971.00,270,0,0,0,270,"262,170.00","65,542.50",1549,1,District 7
منطقة (G),77,621.00,270,0,0,0,270,"167,670.00","41,917.50",1549,1,District 7
منطقة (G),78,621.00,270,0,0,0,270,"167,670.00","41,917.50",1549,1,District 7
منطقة (G),79,621.00,270,0,0,0,270,"167,670.00","41,917.50",1549,1,District 7
منطقة (G),80,621.00,270,0,0,0,270,"167,670.00","41,917.50",1549,1,District 7
منطقة (G),81,621.00,270,0,0,0,270,"167,670.00","41,917.50",1549,1,District 7
منطقة (H),14,909.44,270,0,0,0,270,"245,548.80","61,387.20",1550,1,District 7
منطقة (H),15,909.44,270,0,0,0,270,"245,548.80","61,387.20",1550,1,District 7
منطقة (H),3,925.79,270,0,0,0,270,"249,963.30","62,490.83",1550,1,District 7
منطقة (H),53,940.81,270,14,0,0,284,"267,190.04","66,797.51",1550,1,District 7
منطقة (H),55,656.38,270,0,0,0,270,"177,222.60","44,305.65",1550,1,District 7
منطقة (H),57,656.38,270,0,0,0,270,"177,222.60","44,305.65",1550,1,District 7
منطقة (H),72,660.00,270,0,0,0,270,"178,200.00","44,550.00",1550,1,District 7
منطقة (I),18,689.84,270,0,0,0,270,"186,256.80","46,564.20",1551,1,District 7
منطقة (I),19,689.84,270,0,0,0,270,"186,256.80","46,564.20",1551,1,District 7
منطقة (A),114,450.00,287,0,0,0,287,"129,150.00","32,287.50",1509,1,Eest Universities
منطقة (A),129,450.00,287,0,0,0,287,"129,150.00","32,287.50",1509,1,Eest Universities
منطقة (A),130,450.00,287,0,0,0,287,"129,150.00","32,287.50",1509,1,Eest Universities
منطقة (A),136,450.00,287,0,0,0,287,"129,150.00","32,287.50",1509,1,Eest Universities
منطقة (A),137,450.00,287,0,0,0,287,"129,150.00","32,287.50",1509,1,Eest Universities
منطقة (A),138,450.00,287,0,0,0,287,"129,150.00","32,287.50",1509,1,Eest Universities
منطقة (A),14,450.00,287,0,0,0,287,"129,150.00","32,287.50",1509,1,Eest Universities
منطقة (A),140,416.44,287,15,0,0,302,"125,764.88","31,441.22",1509,1,Eest Universities
منطقة (A),141,424.20,287,0,0,0,287,"121,745.40","30,436.35",1509,1,Eest Universities
منطقة (A),144,500.00,287,0,0,0,287,"143,500.00","35,875.00",1509,1,Eest Universities
منطقة (A),145,500.00,287,0,0,0,287,"143,500.00","35,875.00",1509,1,Eest Universities
منطقة (A),146,500.00,287,0,0,0,287,"143,500.00","35,875.00",1509,1,Eest Universities
منطقة (A),147,500.00,287,0,0,0,287,"143,500.00","35,875.00",1509,1,Eest Universities
منطقة (A),148,500.00,287,0,0,0,287,"143,500.00","35,875.00",1509,1,Eest Universities
منطقة (A),149,416.61,287,15,0,0,302,"125,816.22","31,454.06",1509,1,Eest Universities
منطقة (A),150,424.12,287,0,0,0,287,"121,722.44","30,430.61",1509,1,Eest Universities
منطقة (A),151,416.43,287,15,0,0,302,"125,761.86","31,440.47",1509,1,Eest Universities
منطقة (A),152,480.00,287,0,0,0,287,"137,760.00","34,440.00",1509,1,Eest Universities
منطقة (A),153,480.00,287,0,0,0,287,"137,760.00","34,440.00",1509,1,Eest Universities
منطقة (A),154,480.00,287,0,0,0,287,"137,760.00","34,440.00",1509,1,Eest Universities
منطقة (A),156,480.00,287,0,0,0,287,"137,760.00","34,440.00",1509,2,Eest Universities
منطقة (A),157,480.00,287,0,0,0,287,"137,760.00","34,440.00",1509,2,Eest Universities
منطقة (A),158,399.91,287,15,0,0,302,"120,772.82","30,193.21",1509,2,Eest Universities
منطقة (A),159,419.73,287,0,0,0,287,"120,462.51","30,115.63",1509,2,Eest Universities
منطقة (A),160,419.69,287,0,0,0,287,"120,451.03","30,112.76",1509,2,Eest Universities
منطقة (A),161,419.64,287,0,0,0,287,"120,436.68","30,109.17",1509,2,Eest Universities
منطقة (A),162,419.59,287,0,0,0,287,"120,422.33","30,105.58",1509,2,Eest Universities
منطقة (A),163,399.45,287,15,0,0,302,"120,633.90","30,158.48",1509,2,Eest Universities
منطقة (A),164,399.56,287,15,0,0,302,"120,667.12","30,166.78",1509,2,Eest Universities
منطقة (A),165,419.58,287,0,0,0,287,"120,419.46","30,104.87",1509,2,Eest Universities
منطقة (A),166,419.58,287,0,0,0,287,"120,419.46","30,104.87",1509,2,Eest Universities
منطقة (A),167,420.00,287,0,0,0,287,"120,540.00","30,135.00",1509,2,Eest Universities
منطقة (A),168,420.00,287,0,0,0,287,"120,540.00","30,135.00",1509,2,Eest Universities
منطقة (A),173,425.00,287,15,15,0,317,"134,725.00","33,681.25",1509,2,Eest Universities
منطقة (A),174,425.00,287,15,15,0,317,"134,725.00","33,681.25",1509,2,Eest Universities
منطقة (A),175,425.00,287,15,15,0,317,"134,725.00","33,681.25",1509,2,Eest Universities
منطقة (A),176,425.00,287,15,15,0,317,"134,725.00","33,681.25",1509,2,Eest Universities
منطقة (A),177,425.00,287,15,15,0,317,"134,725.00","33,681.25",1509,2,Eest Universities
منطقة (A),181,494.00,287,0,15,0,302,"149,188.00","37,297.00",1509,2,Eest Universities
منطقة (A),182,494.00,287,0,15,0,302,"149,188.00","37,297.00",1509,2,Eest Universities
منطقة (A),183,494.00,287,0,15,0,302,"149,188.00","37,297.00",1509,3,Eest Universities
منطقة (A),184,494.00,287,0,15,0,302,"149,188.00","37,297.00",1509,3,Eest Universities
منطقة (A),185,494.00,287,0,15,0,302,"149,188.00","37,297.00",1509,3,Eest Universities
منطقة (A),186,494.00,287,0,15,0,302,"149,188.00","37,297.00",1509,3,Eest Universities
منطقة (A),187,494.00,287,0,15,0,302,"149,188.00","37,297.00",1509,3,Eest Universities
منطقة (A),188,475.00,287,15,15,0,317,"150,575.00","37,643.75",1509,3,Eest Universities
منطقة (A),189,470.00,287,15,0,0,302,"141,940.00","35,485.00",1509,3,Eest Universities
منطقة (A),190,470.00,287,0,0,0,287,"134,890.00","33,722.50",1509,3,Eest Universities
منطقة (A),191,470.00,287,0,0,0,287,"134,890.00","33,722.50",1509,3,Eest Universities
منطقة (A),192,470.00,287,0,0,0,287,"134,890.00","33,722.50",1509,3,Eest Universities
منطقة (A),193,470.00,287,0,0,0,287,"134,890.00","33,722.50",1509,3,Eest Universities
منطقة (A),194,751.00,287,15,0,0,302,"226,802.00","56,700.50",1509,3,Eest Universities
منطقة (A),212,400.00,287,0,15,0,302,"120,800.00","30,200.00",1509,3,Eest Universities
منطقة (A),213,400.00,287,0,15,0,302,"120,800.00","30,200.00",1509,3,Eest Universities
منطقة (A),218,403.00,287,15,0,0,302,"121,706.00","30,426.50",1509,3,Eest Universities
منطقة (A),219,410.00,287,0,0,0,287,"117,670.00","29,417.50",1509,3,Eest Universities
منطقة (A),220,403.00,287,15,0,0,302,"121,706.00","30,426.50",1509,3,Eest Universities
منطقة (A),221,425.00,287,0,0,0,287,"121,975.00","30,493.75",1509,3,Eest Universities
منطقة (A),223,400.00,287,0,0,0,287,"114,800.00","28,700.00",1509,3,Eest Universities
منطقة (A),224,400.00,287,0,0,0,287,"114,800.00","28,700.00",1509,3,Eest Universities
منطقة (A),225,400.00,287,0,0,0,287,"114,800.00","28,700.00",1509,4,Eest Universities
منطقة (A),226,400.00,287,0,0,0,287,"114,800.00","28,700.00",1509,4,Eest Universities
منطقة (A),228,425.00,287,15,0,0,302,"128,350.00","32,087.50",1509,4,Eest Universities
منطقة (A),229,425.00,287,0,0,0,287,"121,975.00","30,493.75",1509,4,Eest Universities
منطقة (A),230,425.00,287,0,0,0,287,"121,975.00","30,493.75",1509,4,Eest Universities
منطقة (A),231,425.00,287,0,0,0,287,"121,975.00","30,493.75",1509,4,Eest Universities
منطقة (A),232,417.00,287,15,0,0,302,"125,934.00","31,483.50",1509,4,Eest Universities
منطقة (A),233,417.00,287,15,0,0,302,"125,934.00","31,483.50",1509,4,Eest Universities
منطقة (A),234,425.00,287,0,0,0,287,"121,975.00","30,493.75",1509,4,Eest Universities
منطقة (A),235,425.00,287,0,0,0,287,"121,975.00","30,493.75",1509,4,Eest Universities
منطقة (A),236,425.00,287,0,15,0,302,"128,350.00","32,087.50",1509,4,Eest Universities
منطقة (A),237,425.00,287,0,15,0,302,"128,350.00","32,087.50",1509,4,Eest Universities
منطقة (A),239,373.00,287,15,0,0,302,"112,646.00","28,161.50",1509,4,Eest Universities
منطقة (A),240,380.00,287,0,0,0,287,"109,060.00","27,265.00",1509,4,Eest Universities
منطقة (A),242,425.00,287,0,0,0,287,"121,975.00","30,493.75",1509,4,Eest Universities
منطقة (A),243,425.00,287,0,0,0,287,"121,975.00","30,493.75",1509,4,Eest Universities
منطقة (A),244,425.00,287,0,0,0,287,"121,975.00","30,493.75",1509,4,Eest Universities
منطقة (A),245,425.00,287,0,0,0,287,"121,975.00","30,493.75",1509,4,Eest Universities
منطقة (A),246,373.00,287,15,0,0,302,"112,646.00","28,161.50",1509,4,Eest Universities
منطقة (A),248,372.00,287,15,0,0,302,"112,344.00","28,086.00",1509,4,Eest Universities
منطقة (A),249,425.00,287,0,0,0,287,"121,975.00","30,493.75",1509,5,Eest Universities
منطقة (A),250,425.00,287,0,0,0,287,"121,975.00","30,493.75",1509,5,Eest Universities
منطقة (A),251,425.00,287,0,0,0,287,"121,975.00","30,493.75",1509,5,Eest Universities
منطقة (A),252,425.00,287,0,0,0,287,"121,975.00","30,493.75",1509,5,Eest Universities
منطقة (A),253,442.00,287,15,0,0,302,"133,484.00","33,371.00",1509,5,Eest Universities
منطقة (A),254,450.00,287,0,0,0,287,"129,150.00","32,287.50",1509,5,Eest Universities
منطقة (A),256,450.00,287,0,0,0,287,"129,150.00","32,287.50",1509,5,Eest Universities
منطقة (A),257,450.00,287,0,0,0,287,"129,150.00","32,287.50",1509,5,Eest Universities
منطقة (A),258,450.00,287,0,0,0,287,"129,150.00","32,287.50",1509,5,Eest Universities
منطقة (A),260,432.00,287,15,0,0,302,"130,464.00","32,616.00",1509,5,Eest Universities
منطقة (A),261,475.00,287,0,0,0,287,"136,325.00","34,081.25",1509,5,Eest Universities
منطقة (A),262,475.00,287,0,0,0,287,"136,325.00","34,081.25",1509,5,Eest Universities
منطقة (A),263,475.00,287,0,0,0,287,"136,325.00","34,081.25",1509,5,Eest Universities
منطقة (A),264,475.00,287,0,0,0,287,"136,325.00","34,081.25",1509,5,Eest Universities
منطقة (A),265,474.00,287,0,0,0,287,"136,038.00","34,009.50",1509,5,Eest Universities
منطقة (A),266,475.00,287,0,0,0,287,"136,325.00","34,081.25",1509,5,Eest Universities
منطقة (A),268,475.00,287,0,0,0,287,"136,325.00","34,081.25",1509,5,Eest Universities
منطقة (A),269,475.00,287,0,0,0,287,"136,325.00","34,081.25",1509,5,Eest Universities
منطقة (A),270,475.00,287,0,0,0,287,"136,325.00","34,081.25",1509,5,Eest Universities
منطقة (A),271,475.00,287,0,0,0,287,"136,325.00","34,081.25",1509,5,Eest Universities
منطقة (A),274,475.00,287,0,15,0,302,"143,450.00","35,862.50",1509,6,Eest Universities
منطقة (A),275,514.00,287,0,15,0,302,"155,228.00","38,807.00",1509,6,Eest Universities
منطقة (A),276,599.00,287,0,15,0,302,"180,898.00","45,224.50",1509,6,Eest Universities
منطقة (A),277,599.00,287,0,15,0,302,"180,898.00","45,224.50",1509,6,Eest Universities
منطقة (A),280,389.00,287,0,15,0,302,"117,478.00","29,369.50",1509,6,Eest Universities
منطقة (A),281,495.00,287,0,15,0,302,"149,490.00","37,372.50",1509,6,Eest Universities
منطقة (A),284,450.00,287,0,0,0,287,"129,150.00","32,287.50",1509,6,Eest Universities
منطقة (A),285,450.00,287,0,0,0,287,"129,150.00","32,287.50",1509,6,Eest Universities
منطقة (A),286,450.00,287,0,0,0,287,"129,150.00","32,287.50",1509,6,Eest Universities
منطقة (A),288,413.00,287,15,15,0,317,"130,921.00","32,730.25",1509,6,Eest Universities
منطقة (A),289,413.00,287,15,15,0,317,"130,921.00","32,730.25",1509,6,Eest Universities
منطقة (A),292,429.00,287,15,0,0,302,"129,558.00","32,389.50",1509,6,Eest Universities
منطقة (A),293,450.00,287,15,15,0,317,"142,650.00","35,662.50",1509,6,Eest Universities
منطقة (A),300,450.00,287,0,0,0,287,"129,150.00","32,287.50",1509,6,Eest Universities
منطقة (A),301,450.00,287,0,0,0,287,"129,150.00","32,287.50",1509,6,Eest Universities
منطقة (A),302,450.00,287,0,0,0,287,"129,150.00","32,287.50",1509,6,Eest Universities
منطقة (A),304,450.00,287,15,0,0,302,"135,900.00","33,975.00",1509,6,Eest Universities
منطقة (A),305,450.00,287,0,0,0,287,"129,150.00","32,287.50",1509,6,Eest Universities
منطقة (A),306,450.00,287,0,0,0,287,"129,150.00","32,287.50",1509,6,Eest Universities
منطقة (A),307,450.00,287,0,0,0,287,"129,150.00","32,287.50",1509,6,Eest Universities
منطقة (A),308,518.00,287,15,0,0,302,"156,436.00","39,109.00",1509,7,Eest Universities
منطقة (A),311,613.00,287,0,0,0,287,"175,931.00","43,982.75",1509,7,Eest Universities
منطقة (A),312,605.00,287,0,0,0,287,"173,635.00","43,408.75",1509,7,Eest Universities
منطقة (A),315,605.00,287,0,15,0,302,"182,710.00","45,677.50",1509,7,Eest Universities
منطقة (A),316,613.00,287,0,15,0,302,"185,126.00","46,281.50",1509,7,Eest Universities
منطقة (A),317,613.00,287,0,15,0,302,"185,126.00","46,281.50",1509,7,Eest Universities
منطقة (A),323,607.00,287,15,15,0,317,"192,419.00","48,104.75",1509,7,Eest Universities
منطقة (A),324,607.00,287,15,15,0,317,"192,419.00","48,104.75",1509,7,Eest Universities
منطقة (A),325,483.00,287,15,15,0,317,"153,111.00","38,277.75",1509,7,Eest Universities
منطقة (A),75,450.03,287,0,0,0,287,"129,158.61","32,289.65",1509,7,Eest Universities
منطقة (A),85,425.00,287,0,0,0,287,"121,975.00","30,493.75",1509,7,Eest Universities
منطقة (A),88,425.00,287,0,0,0,287,"121,975.00","30,493.75",1509,7,Eest Universities
منطقة (A),100,462.50,270,0,0,0,270,"124,875.00","31,218.75",1504,1,Orchid
منطقة (A),101,462.50,270,0,0,0,270,"124,875.00","31,218.75",1504,1,Orchid
منطقة (A),103,462.50,270,0,0,0,270,"124,875.00","31,218.75",1504,1,Orchid
منطقة (A),110,462.50,270,0,0,0,270,"124,875.00","31,218.75",1504,1,Orchid
منطقة (A),111,462.50,270,0,0,0,270,"124,875.00","31,218.75",1504,1,Orchid
منطقة (A),114,530.19,270,0,0,0,270,"143,151.30","35,787.83",1504,1,Orchid
منطقة (A),115,530.19,270,0,0,0,270,"143,151.30","35,787.83",1504,1,Orchid
منطقة (A),119,450.00,270,14,0,0,284,"127,800.00","31,950.00",1504,1,Orchid
منطقة (A),120,450.00,270,0,0,0,270,"121,500.00","30,375.00",1504,1,Orchid
منطقة (A),125,450.00,270,14,0,0,284,"127,800.00","31,950.00",1504,1,Orchid
منطقة (A),126,551.11,270,0,0,0,270,"148,799.70","37,199.93",1504,1,Orchid
منطقة (A),136,545.07,270,14,0,0,284,"154,799.88","38,699.97",1504,1,Orchid
منطقة (A),138,590.27,270,0,0,0,270,"159,372.90","39,843.23",1504,1,Orchid
منطقة (A),139,510.42,270,0,0,0,270,"137,813.40","34,453.35",1504,1,Orchid
منطقة (A),141,510.42,270,0,0,0,270,"137,813.40","34,453.35",1504,1,Orchid
منطقة (A),142,510.42,270,0,0,0,270,"137,813.40","34,453.35",1504,1,Orchid
منطقة (A),144,450.00,270,0,0,0,270,"121,500.00","30,375.00",1504,1,Orchid
منطقة (A),146,487.50,270,14,0,0,284,"138,450.00","34,612.50",1504,1,Orchid
منطقة (A),149,487.50,270,0,0,0,270,"131,625.00","32,906.25",1504,1,Orchid
منطقة (A),150,487.50,270,0,0,0,270,"131,625.00","32,906.25",1504,1,Orchid
منطقة (A),153,487.50,270,0,0,0,270,"131,625.00","32,906.25",1504,2,Orchid
منطقة (A),154,487.50,270,0,0,0,270,"131,625.00","32,906.25",1504,2,Orchid
منطقة (A),159,450.00,270,0,0,0,270,"121,500.00","30,375.00",1504,2,Orchid
منطقة (A),160,546.88,270,0,0,0,270,"147,657.60","36,914.40",1504,2,Orchid
منطقة (A),163,603.92,270,0,0,0,270,"163,058.40","40,764.60",1504,2,Orchid
منطقة (A),164,557.68,270,0,0,0,270,"150,573.60","37,643.40",1504,2,Orchid
منطقة (A),167,492.94,270,0,0,0,270,"133,093.80","33,273.45",1504,2,Orchid
منطقة (A),170,485.95,270,0,0,0,270,"131,206.50","32,801.63",1504,2,Orchid
منطقة (A),171,475.00,270,0,0,0,270,"128,250.00","32,062.50",1504,2,Orchid
منطقة (A),172,475.00,270,0,0,0,270,"128,250.00","32,062.50",1504,2,Orchid
منطقة (A),174,449.77,270,0,0,0,270,"121,437.90","30,359.48",1504,2,Orchid
منطقة (A),175,450.00,270,0,0,0,270,"121,500.00","30,375.00",1504,2,Orchid
منطقة (A),178,450.00,270,0,0,0,270,"121,500.00","30,375.00",1504,2,Orchid
منطقة (A),180,685.29,270,14,0,0,284,"194,622.36","48,655.59",1504,2,Orchid
منطقة (A),186,406.99,270,14,0,0,284,"115,585.16","28,896.29",1504,2,Orchid
منطقة (A),191,602.08,270,0,0,0,270,"162,561.60","40,640.40",1504,2,Orchid
منطقة (A),192,578.27,270,14,0,0,284,"164,228.68","41,057.17",1504,2,Orchid
منطقة (A),193,450.00,270,14,0,0,284,"127,800.00","31,950.00",1504,2,Orchid
منطقة (A),194,450.00,270,0,0,0,270,"121,500.00","30,375.00",1504,2,Orchid
منطقة (A),44,450.00,270,0,0,0,270,"121,500.00","30,375.00",1504,2,Orchid
منطقة (A),45,450.00,270,0,0,0,270,"121,500.00","30,375.00",1504,3,Orchid
منطقة (A),50,450.00,270,0,0,0,270,"121,500.00","30,375.00",1504,3,Orchid
منطقة (A),52,450.00,270,14,0,0,284,"127,800.00","31,950.00",1504,3,Orchid
منطقة (A),53,450.00,270,14,0,0,284,"127,800.00","31,950.00",1504,3,Orchid
منطقة (A),55,450.00,270,0,0,0,270,"121,500.00","30,375.00",1504,3,Orchid
منطقة (A),60,530.19,270,0,14,0,284,"150,573.96","37,643.49",1504,3,Orchid
منطقة (A),62,530.19,270,0,14,0,284,"150,573.96","37,643.49",1504,3,Orchid
منطقة (A),63,448.52,270,14,0,0,284,"127,379.68","31,844.92",1504,3,Orchid
منطقة (A),65,487.50,270,0,0,0,270,"131,625.00","32,906.25",1504,3,Orchid
منطقة (A),66,487.50,270,0,0,0,270,"131,625.00","32,906.25",1504,3,Orchid
منطقة (A),70,478.27,270,0,0,0,270,"129,132.90","32,283.23",1504,3,Orchid
منطقة (A),75,437.50,270,14,0,0,284,"124,250.00","31,062.50",1504,3,Orchid
منطقة (A),84,450.00,270,0,0,0,270,"121,500.00","30,375.00",1504,3,Orchid
منطقة (A),88,450.00,270,0,0,0,270,"121,500.00","30,375.00",1504,3,Orchid
منطقة (A),93,516.96,270,0,0,0,270,"139,579.20","34,894.80",1504,3,Orchid
منطقة (B),103,425.00,270,0,0,0,270,"114,750.00","28,687.50",1505,1,Orchid
منطقة (B),104,425.00,270,0,0,0,270,"114,750.00","28,687.50",1505,1,Orchid
منطقة (B),108,510.16,270,0,0,0,270,"137,743.20","34,435.80",1505,1,Orchid
منطقة (B),110,510.16,270,0,0,0,270,"137,743.20","34,435.80",1505,1,Orchid
منطقة (B),111,510.16,270,0,0,0,270,"137,743.20","34,435.80",1505,1,Orchid
منطقة (B),13,462.50,270,0,0,0,270,"124,875.00","31,218.75",1505,1,Orchid
منطقة (B),133,462.50,270,0,0,0,270,"124,875.00","31,218.75",1505,1,Orchid
منطقة (B),134,462.50,270,0,0,0,270,"124,875.00","31,218.75",1505,1,Orchid
منطقة (B),136,462.50,270,0,0,0,270,"124,875.00","31,218.75",1505,1,Orchid
منطقة (B),137,462.50,270,14,0,0,284,"131,350.00","32,837.50",1505,1,Orchid
منطقة (B),139,462.50,270,0,0,0,270,"124,875.00","31,218.75",1505,1,Orchid
منطقة (B),140,462.50,270,0,0,0,270,"124,875.00","31,218.75",1505,1,Orchid
منطقة (B),141,462.50,270,0,0,0,270,"124,875.00","31,218.75",1505,1,Orchid
منطقة (B),142,462.50,270,0,0,0,270,"124,875.00","31,218.75",1505,1,Orchid
منطقة (B),146,500.00,270,0,0,0,270,"135,000.00","33,750.00",1505,1,Orchid
منطقة (B),149,500.00,270,0,0,0,270,"135,000.00","33,750.00",1505,1,Orchid
منطقة (B),156,500.00,270,0,0,0,270,"135,000.00","33,750.00",1505,1,Orchid
منطقة (B),157,500.00,270,0,0,0,270,"135,000.00","33,750.00",1505,1,Orchid
منطقة (B),158,494.90,270,14,0,0,284,"140,551.60","35,137.90",1505,1,Orchid
منطقة (B),159,462.63,270,14,0,0,284,"131,386.92","32,846.73",1505,1,Orchid
منطقة (B),161,450.00,270,0,0,0,270,"121,500.00","30,375.00",1505,2,Orchid
منطقة (B),162,450.00,270,14,0,0,284,"127,800.00","31,950.00",1505,2,Orchid
منطقة (B),173,437.50,270,14,0,0,284,"124,250.00","31,062.50",1505,2,Orchid
منطقة (B),175,441.03,270,14,0,0,284,"125,252.52","31,313.13",1505,2,Orchid
منطقة (B),176,441.03,270,14,0,0,284,"125,252.52","31,313.13",1505,2,Orchid
منطقة (B),177,437.50,270,0,0,0,270,"118,125.00","29,531.25",1505,2,Orchid
منطقة (B),182,462.50,270,0,0,0,270,"124,875.00","31,218.75",1505,2,Orchid
منطقة (B),184,462.50,270,0,0,0,270,"124,875.00","31,218.75",1505,2,Orchid
منطقة (B),186,615.49,270,0,0,0,270,"166,182.30","41,545.58",1505,2,Orchid
منطقة (B),189,450.00,270,0,0,0,270,"121,500.00","30,375.00",1505,2,Orchid
منطقة (B),19,462.50,270,0,0,0,270,"124,875.00","31,218.75",1505,2,Orchid
منطقة (B),191,450.00,270,14,0,0,284,"127,800.00","31,950.00",1505,2,Orchid
منطقة (B),193,450.00,270,0,0,0,270,"121,500.00","30,375.00",1505,2,Orchid
منطقة (B),195,462.13,270,14,0,0,284,"131,244.92","32,811.23",1505,2,Orchid
منطقة (B),196,450.00,270,0,0,0,270,"121,500.00","30,375.00",1505,2,Orchid
منطقة (B),198,450.00,270,0,0,0,270,"121,500.00","30,375.00",1505,2,Orchid
منطقة (B),201,450.00,270,0,0,0,270,"121,500.00","30,375.00",1505,2,Orchid
منطقة (B),203,450.00,270,0,0,0,270,"121,500.00","30,375.00",1505,2,Orchid
منطقة (B),205,450.00,270,14,0,0,284,"127,800.00","31,950.00",1505,2,Orchid
منطقة (B),213,491.80,270,14,0,0,284,"139,671.20","34,917.80",1505,2,Orchid
منطقة (B),214,462.50,270,0,0,0,270,"124,875.00","31,218.75",1505,3,Orchid
منطقة (B),215,462.50,270,0,0,0,270,"124,875.00","31,218.75",1505,3,Orchid
منطقة (B),219,450.00,270,14,0,0,284,"127,800.00","31,950.00",1505,3,Orchid
منطقة (B),220,450.00,270,14,0,0,284,"127,800.00","31,950.00",1505,3,Orchid
منطقة (B),222,450.00,270,0,0,0,270,"121,500.00","30,375.00",1505,3,Orchid
منطقة (B),223,450.00,270,0,0,0,270,"121,500.00","30,375.00",1505,3,Orchid
منطقة (B),224,450.00,270,0,0,0,270,"121,500.00","30,375.00",1505,3,Orchid
منطقة (B),227,450.00,270,0,0,0,270,"121,500.00","30,375.00",1505,3,Orchid
منطقة (B),228,450.00,270,0,0,0,270,"121,500.00","30,375.00",1505,3,Orchid
منطقة (B),230,467.27,270,14,0,0,284,"132,704.68","33,176.17",1505,3,Orchid
منطقة (B),232,425.00,270,0,0,0,270,"114,750.00","28,687.50",1505,3,Orchid
منطقة (B),235,438.84,270,14,0,0,284,"124,630.56","31,157.64",1505,3,Orchid
منطقة (B),241,450.37,270,14,14,0,298,"134,210.26","33,552.57",1505,3,Orchid
منطقة (B),245,425.00,270,0,0,0,270,"114,750.00","28,687.50",1505,3,Orchid
منطقة (B),246,425.00,270,0,0,0,270,"114,750.00","28,687.50",1505,3,Orchid
منطقة (B),250,450.00,270,14,0,0,284,"127,800.00","31,950.00",1505,3,Orchid
منطقة (B),254,462.50,270,0,0,0,270,"124,875.00","31,218.75",1505,3,Orchid
منطقة (B),255,462.50,270,0,0,0,270,"124,875.00","31,218.75",1505,3,Orchid
منطقة (B),256,493.35,270,14,0,0,284,"140,111.40","35,027.85",1505,3,Orchid
منطقة (B),259,462.50,270,0,0,0,270,"124,875.00","31,218.75",1505,3,Orchid
منطقة (B),26,540.00,270,0,0,0,270,"145,800.00","36,450.00",1505,4,Orchid
منطقة (B),261,485.30,270,0,0,0,270,"131,031.00","32,757.75",1505,4,Orchid
منطقة (B),27,540.00,270,0,0,0,270,"145,800.00","36,450.00",1505,4,Orchid
منطقة (B),270,425.00,270,0,0,0,270,"114,750.00","28,687.50",1505,4,Orchid
منطقة (B),280,432.50,270,14,14,0,298,"128,885.00","32,221.25",1505,4,Orchid
منطقة (B),284,462.50,270,14,14,0,298,"137,825.00","34,456.25",1505,4,Orchid
منطقة (B),41,470.11,270,14,0,0,284,"133,511.24","33,377.81",1505,4,Orchid
منطقة (B),55,425.00,270,0,0,0,270,"114,750.00","28,687.50",1505,4,Orchid
منطقة (B),56,425.00,270,0,0,0,270,"114,750.00","28,687.50",1505,4,Orchid
منطقة (B),58,450.00,270,14,0,0,284,"127,800.00","31,950.00",1505,4,Orchid
منطقة (B),59,509.33,270,0,0,0,270,"137,519.10","34,379.78",1505,4,Orchid
منطقة (B),61,509.33,270,0,0,0,270,"137,519.10","34,379.78",1505,4,Orchid
منطقة (B),62,549.15,270,0,0,0,270,"148,270.50","37,067.63",1505,4,Orchid
منطقة (B),63,440.00,270,0,0,0,270,"118,800.00","29,700.00",1505,4,Orchid
منطقة (B),64,440.00,270,0,0,0,270,"118,800.00","29,700.00",1505,4,Orchid
منطقة (B),67,425.00,270,0,0,0,270,"114,750.00","28,687.50",1505,4,Orchid
منطقة (B),68,425.00,270,0,0,0,270,"114,750.00","28,687.50",1505,4,Orchid
منطقة (B),69,437.50,270,0,0,0,270,"118,125.00","29,531.25",1505,4,Orchid
منطقة (B),71,486.33,270,0,0,0,270,"131,309.10","32,827.28",1505,4,Orchid
منطقة (B),73,486.33,270,0,0,0,270,"131,309.10","32,827.28",1505,4,Orchid
منطقة (B),76,425.00,270,14,0,0,284,"120,700.00","30,175.00",1505,5,Orchid
منطقة (B),77,425.00,270,0,0,0,270,"114,750.00","28,687.50",1505,5,Orchid
منطقة (B),78,425.00,270,0,0,0,270,"114,750.00","28,687.50",1505,5,Orchid
منطقة (B),83,506.48,270,0,0,0,270,"136,749.60","34,187.40",1505,5,Orchid
منطقة (B),85,506.89,270,0,0,0,270,"136,860.30","34,215.08",1505,5,Orchid
منطقة (B),89,455.00,270,0,0,0,270,"122,850.00","30,712.50",1505,5,Orchid
منطقة (B),90,455.00,270,0,0,0,270,"122,850.00","30,712.50",1505,5,Orchid
منطقة (B),93,455.00,270,0,0,0,270,"122,850.00","30,712.50",1505,5,Orchid
منطقة (B),96,450.00,270,14,14,0,298,"134,100.00","33,525.00",1505,5,Orchid
منطقة (C),100,486.67,270,0,0,0,270,"131,400.90","32,850.23",1506,1,Orchid
منطقة (C),102,486.67,270,0,0,0,270,"131,400.90","32,850.23",1506,1,Orchid
منطقة (C),105,450.00,270,14,0,0,284,"127,800.00","31,950.00",1506,1,Orchid
منطقة (C),106,475.00,270,14,0,0,284,"134,900.00","33,725.00",1506,1,Orchid
منطقة (C),109,475.00,270,0,0,0,270,"128,250.00","32,062.50",1506,1,Orchid
منطقة (C),110,475.00,270,0,0,0,270,"128,250.00","32,062.50",1506,1,Orchid
منطقة (C),111,532.17,270,14,0,0,284,"151,136.28","37,784.07",1506,1,Orchid
منطقة (C),116,494.75,270,14,0,0,284,"140,509.00","35,127.25",1506,1,Orchid
منطقة (C),117,492.00,270,0,0,0,270,"132,840.00","33,210.00",1506,1,Orchid
منطقة (C),120,492.00,270,0,0,0,270,"132,840.00","33,210.00",1506,1,Orchid
منطقة (C),122,450.00,270,14,0,0,284,"127,800.00","31,950.00",1506,1,Orchid
منطقة (C),123,450.00,270,14,0,0,284,"127,800.00","31,950.00",1506,1,Orchid
منطقة (C),127,437.60,270,14,0,0,284,"124,278.40","31,069.60",1506,1,Orchid
منطقة (C),13,599.78,270,0,0,0,270,"161,940.60","40,485.15",1506,1,Orchid
منطقة (C),132,490.00,270,0,0,0,270,"132,300.00","33,075.00",1506,1,Orchid
منطقة (C),133,490.00,270,0,0,0,270,"132,300.00","33,075.00",1506,1,Orchid
منطقة (C),134,490.00,270,0,0,0,270,"132,300.00","33,075.00",1506,1,Orchid
منطقة (C),136,425.00,270,14,0,0,284,"120,700.00","30,175.00",1506,1,Orchid
منطقة (C),138,425.00,270,0,0,0,270,"114,750.00","28,687.50",1506,1,Orchid
منطقة (C),17,437.50,270,0,0,0,270,"118,125.00","29,531.25",1506,1,Orchid
منطقة (C),18,437.50,270,0,0,0,270,"118,125.00","29,531.25",1506,2,Orchid
منطقة (C),2,599.14,270,0,0,0,270,"161,767.80","40,441.95",1506,2,Orchid
منطقة (C),21,437.50,270,0,0,0,270,"118,125.00","29,531.25",1506,2,Orchid
منطقة (C),22,437.50,270,0,0,0,270,"118,125.00","29,531.25",1506,2,Orchid
منطقة (C),27,473.88,270,0,0,0,270,"127,947.60","31,986.90",1506,2,Orchid
منطقة (C),30,473.88,270,0,14,0,284,"134,581.92","33,645.48",1506,2,Orchid
منطقة (C),34,450.00,270,0,0,0,270,"121,500.00","30,375.00",1506,2,Orchid
منطقة (C),35,450.00,270,14,0,0,284,"127,800.00","31,950.00",1506,2,Orchid
منطقة (C),40,450.00,270,0,0,0,270,"121,500.00","30,375.00",1506,2,Orchid
منطقة (C),41,450.00,270,0,0,0,270,"121,500.00","30,375.00",1506,2,Orchid
منطقة (C),42,450.00,270,0,0,0,270,"121,500.00","30,375.00",1506,2,Orchid
منطقة (C),46,450.00,270,0,0,0,270,"121,500.00","30,375.00",1506,2,Orchid
منطقة (C),47,450.00,270,0,0,0,270,"121,500.00","30,375.00",1506,2,Orchid
منطقة (C),50,450.00,270,0,0,0,270,"121,500.00","30,375.00",1506,2,Orchid
منطقة (C),53,450.00,270,14,0,0,284,"127,800.00","31,950.00",1506,2,Orchid
منطقة (C),59,466.57,270,0,0,0,270,"125,973.90","31,493.48",1506,2,Orchid
منطقة (C),67,437.50,270,0,0,0,270,"118,125.00","29,531.25",1506,2,Orchid
منطقة (C),68,437.50,270,0,0,0,270,"118,125.00","29,531.25",1506,2,Orchid
منطقة (C),7,599.43,270,0,0,0,270,"161,846.10","40,461.53",1506,2,Orchid
منطقة (C),73,475.00,270,0,0,0,270,"128,250.00","32,062.50",1506,2,Orchid
منطقة (C),74,475.00,270,0,0,0,270,"128,250.00","32,062.50",1506,3,Orchid
منطقة (C),76,475.00,270,0,0,0,270,"128,250.00","32,062.50",1506,3,Orchid
منطقة (C),78,450.00,270,14,0,0,284,"127,800.00","31,950.00",1506,3,Orchid
منطقة (C),79,450.00,270,0,0,0,270,"121,500.00","30,375.00",1506,3,Orchid
منطقة (C),84,489.00,270,0,0,0,270,"132,030.00","33,007.50",1506,3,Orchid
منطقة (C),86,450.00,270,14,0,0,284,"127,800.00","31,950.00",1506,3,Orchid
منطقة (C),87,462.50,270,14,0,0,284,"131,350.00","32,837.50",1506,3,Orchid
منطقة (C),90,462.50,270,0,0,0,270,"124,875.00","31,218.75",1506,3,Orchid
منطقة (C),97,462.50,270,0,0,0,270,"124,875.00","31,218.75",1506,3,Orchid
منطقة (D),10,598.99,270,14,0,0,284,"170,113.16","42,528.29",1507,1,Orchid
منطقة (D),100,425.00,270,0,0,0,270,"114,750.00","28,687.50",1507,1,Orchid
منطقة (D),101,425.00,270,0,0,0,270,"114,750.00","28,687.50",1507,1,Orchid
منطقة (D),102,425.00,270,0,0,0,270,"114,750.00","28,687.50",1507,1,Orchid
منطقة (D),103,425.00,270,0,0,0,270,"114,750.00","28,687.50",1507,1,Orchid
منطقة (D),104,425.00,270,0,0,0,270,"114,750.00","28,687.50",1507,1,Orchid
منطقة (D),107,525.00,270,0,0,0,270,"141,750.00","35,437.50",1507,1,Orchid
منطقة (D),110,425.00,270,0,0,0,270,"114,750.00","28,687.50",1507,1,Orchid
منطقة (D),112,425.00,270,0,0,0,270,"114,750.00","28,687.50",1507,1,Orchid
منطقة (D),113,425.00,270,0,0,0,270,"114,750.00","28,687.50",1507,1,Orchid
منطقة (D),115,623.44,270,14,0,0,284,"177,056.96","44,264.24",1507,1,Orchid
منطقة (D),117,450.00,270,0,0,0,270,"121,500.00","30,375.00",1507,1,Orchid
منطقة (D),119,450.00,270,0,0,0,270,"121,500.00","30,375.00",1507,1,Orchid
منطقة (D),120,450.00,270,14,0,0,284,"127,800.00","31,950.00",1507,1,Orchid
منطقة (D),121,437.50,270,14,0,0,284,"124,250.00","31,062.50",1507,1,Orchid
منطقة (D),123,437.50,270,0,0,0,270,"118,125.00","29,531.25",1507,1,Orchid
منطقة (D),124,437.50,270,0,0,0,270,"118,125.00","29,531.25",1507,1,Orchid
منطقة (D),125,437.50,270,0,0,0,270,"118,125.00","29,531.25",1507,1,Orchid
منطقة (D),126,437.50,270,0,0,0,270,"118,125.00","29,531.25",1507,1,Orchid
منطقة (D),131,517.04,270,0,0,0,270,"139,600.80","34,900.20",1507,1,Orchid
منطقة (D),132,580.15,270,0,0,0,270,"156,640.50","39,160.13",1507,2,Orchid
منطقة (D),133,573.64,270,0,0,0,270,"154,882.80","38,720.70",1507,2,Orchid
منطقة (D),138,437.50,270,0,0,0,270,"118,125.00","29,531.25",1507,2,Orchid
منطقة (D),14,450.00,270,0,0,0,270,"121,500.00","30,375.00",1507,2,Orchid
منطقة (D),140,437.50,270,0,0,0,270,"118,125.00","29,531.25",1507,2,Orchid
منطقة (D),143,437.50,270,0,0,0,270,"118,125.00","29,531.25",1507,2,Orchid
منطقة (D),144,437.50,270,0,0,0,270,"118,125.00","29,531.25",1507,2,Orchid
منطقة (D),146,471.64,270,0,0,0,270,"127,342.80","31,835.70",1507,2,Orchid
منطقة (D),148,437.50,270,0,0,0,270,"118,125.00","29,531.25",1507,2,Orchid
منطقة (D),149,437.50,270,0,0,0,270,"118,125.00","29,531.25",1507,2,Orchid
منطقة (D),15,450.00,270,0,0,0,270,"121,500.00","30,375.00",1507,2,Orchid
منطقة (D),152,437.50,270,0,0,0,270,"118,125.00","29,531.25",1507,2,Orchid
منطقة (D),153,437.50,270,0,0,0,270,"118,125.00","29,531.25",1507,2,Orchid
منطقة (D),158,636.56,270,0,0,0,270,"171,871.20","42,967.80",1507,2,Orchid
منطقة (D),159,475.00,270,0,0,0,270,"128,250.00","32,062.50",1507,2,Orchid
منطقة (D),160,475.00,270,0,0,0,270,"128,250.00","32,062.50",1507,2,Orchid
منطقة (D),162,401.72,270,14,0,0,284,"114,088.48","28,522.12",1507,2,Orchid
منطقة (D),163,425.00,270,0,0,0,270,"114,750.00","28,687.50",1507,2,Orchid
منطقة (D),164,425.00,270,0,0,0,270,"114,750.00","28,687.50",1507,2,Orchid
منطقة (D),165,425.00,270,0,0,0,270,"114,750.00","28,687.50",1507,2,Orchid
منطقة (D),166,425.00,270,0,0,0,270,"114,750.00","28,687.50",1507,3,Orchid
منطقة (D),167,425.00,270,14,0,0,284,"120,700.00","30,175.00",1507,3,Orchid
منطقة (D),169,585.27,270,0,0,0,270,"158,022.90","39,505.73",1507,3,Orchid
منطقة (D),171,486.82,270,0,0,0,270,"131,441.40","32,860.35",1507,3,Orchid
منطقة (D),174,634.12,270,0,0,0,270,"171,212.40","42,803.10",1507,3,Orchid
منطقة (D),175,865.38,270,0,0,0,270,"233,652.60","58,413.15",1507,3,Orchid
منطقة (D),176,859.23,270,0,0,0,270,"231,992.10","57,998.03",1507,3,Orchid
منطقة (D),177,619.06,270,14,0,0,284,"175,813.04","43,953.26",1507,3,Orchid
منطقة (D),178,487.30,270,14,0,0,284,"138,393.20","34,598.30",1507,3,Orchid
منطقة (D),183,533.47,270,0,0,0,270,"144,036.90","36,009.23",1507,3,Orchid
منطقة (D),184,433.89,270,0,0,0,270,"117,150.30","29,287.58",1507,3,Orchid
منطقة (D),187,619.56,270,14,0,0,284,"175,955.04","43,988.76",1507,3,Orchid
منطقة (D),189,425.00,270,0,0,0,270,"114,750.00","28,687.50",1507,3,Orchid
منطقة (D),2,598.53,270,0,0,0,270,"161,603.10","40,400.78",1507,3,Orchid
منطقة (D),21,997.82,270,0,0,0,270,"269,411.40","67,352.85",1507,3,Orchid
منطقة (D),3,598.59,270,0,0,0,270,"161,619.30","40,404.83",1507,3,Orchid
منطقة (D),4,598.65,270,0,0,0,270,"161,635.50","40,408.88",1507,3,Orchid
منطقة (D),41,450.00,270,0,0,0,270,"121,500.00","30,375.00",1507,3,Orchid
منطقة (D),42,450.00,270,0,0,0,270,"121,500.00","30,375.00",1507,3,Orchid
منطقة (D),43,450.00,270,0,0,0,270,"121,500.00","30,375.00",1507,3,Orchid
منطقة (D),51,480.00,270,0,0,0,270,"129,600.00","32,400.00",1507,4,Orchid
منطقة (D),55,575.64,270,0,0,0,270,"155,422.80","38,855.70",1507,4,Orchid
منطقة (D),56,462.39,270,14,0,0,284,"131,318.76","32,829.69",1507,4,Orchid
منطقة (D),61,450.00,270,0,0,0,270,"121,500.00","30,375.00",1507,4,Orchid
منطقة (D),7,598.82,270,0,0,0,270,"161,681.40","40,420.35",1507,4,Orchid
منطقة (D),72,450.00,270,0,0,0,270,"121,500.00","30,375.00",1507,4,Orchid
منطقة (D),75,499.11,270,0,0,0,270,"134,759.70","33,689.93",1507,4,Orchid
منطقة (D),77,555.87,270,0,0,0,270,"150,084.90","37,521.23",1507,4,Orchid
منطقة (D),80,425.00,270,0,0,0,270,"114,750.00","28,687.50",1507,4,Orchid
منطقة (D),87,649.39,270,0,0,0,270,"175,335.30","43,833.83",1507,4,Orchid
منطقة (D),9,598.94,270,0,0,0,270,"161,713.80","40,428.45",1507,4,Orchid
منطقة (D),93,425.00,270,0,0,0,270,"114,750.00","28,687.50",1507,4,Orchid
منطقة (D),96,425.00,270,0,0,0,270,"114,750.00","28,687.50",1507,4,Orchid
منطقة (5),1,500.00,170,9,9,0,188,"94,000.00","23,500.00",1521,1,Badr-Eastern Extension
منطقة (5),10,500.00,170,9,0,0,179,"89,500.00","22,375.00",1521,1,Badr-Eastern Extension
منطقة (5),100,500.00,170,0,0,0,170,"85,000.00","21,250.00",1521,1,Badr-Eastern Extension
منطقة (5),101,563.70,170,9,0,0,179,"100,902.30","25,225.58",1521,1,Badr-Eastern Extension
منطقة (5),102,544.84,170,9,0,0,179,"97,526.36","24,381.59",1521,1,Badr-Eastern Extension
منطقة (5),103,500.00,170,0,0,0,170,"85,000.00","21,250.00",1521,1,Badr-Eastern Extension
منطقة (5),104,500.00,170,0,0,0,170,"85,000.00","21,250.00",1521,1,Badr-Eastern Extension
منطقة (5),105,500.00,170,0,0,0,170,"85,000.00","21,250.00",1521,1,Badr-Eastern Extension
منطقة (5),106,500.00,170,9,0,0,179,"89,500.00","22,375.00",1521,1,Badr-Eastern Extension
منطقة (5),107,500.00,170,9,9,0,188,"94,000.00","23,500.00",1521,1,Badr-Eastern Extension
منطقة (5),108,500.00,170,0,9,0,179,"89,500.00","22,375.00",1521,1,Badr-Eastern Extension
منطقة (5),109,500.00,170,0,0,0,170,"85,000.00","21,250.00",1521,1,Badr-Eastern Extension
منطقة (5),11,500.00,170,0,0,0,170,"85,000.00","21,250.00",1521,1,Badr-Eastern Extension
منطقة (5),110,500.00,170,0,0,0,170,"85,000.00","21,250.00",1521,1,Badr-Eastern Extension
منطقة (5),111,530.40,170,9,0,0,179,"94,941.60","23,735.40",1521,1,Badr-Eastern Extension
منطقة (5),112,528.81,170,9,0,0,179,"94,656.99","23,664.25",1521,1,Badr-Eastern Extension
منطقة (5),113,519.31,170,0,0,0,170,"88,282.70","22,070.68",1521,1,Badr-Eastern Extension
منطقة (5),114,519.31,170,0,0,0,170,"88,282.70","22,070.68",1521,1,Badr-Eastern Extension
منطقة (5),115,519.31,170,0,0,0,170,"88,282.70","22,070.68",1521,1,Badr-Eastern Extension
منطقة (5),116,519.31,170,0,9,0,179,"92,956.49","23,239.12",1521,1,Badr-Eastern Extension
منطقة (5),117,660.69,170,9,9,0,188,"124,209.72","31,052.43",1521,2,Badr-Eastern Extension
منطقة (5),118,529.49,170,9,0,0,179,"94,778.71","23,694.68",1521,2,Badr-Eastern Extension
منطقة (5),119,519.53,170,0,0,0,170,"88,320.10","22,080.03",1521,2,Badr-Eastern Extension
منطقة (5),12,500.00,170,0,0,0,170,"85,000.00","21,250.00",1521,2,Badr-Eastern Extension
منطقة (5),120,519.48,170,0,0,0,170,"88,311.60","22,077.90",1521,2,Badr-Eastern Extension
منطقة (5),121,519.42,170,0,0,0,170,"88,301.40","22,075.35",1521,2,Badr-Eastern Extension
منطقة (5),122,519.37,170,0,0,0,170,"88,292.90","22,073.23",1521,2,Badr-Eastern Extension
منطقة (5),123,678.67,170,9,0,0,179,"121,481.93","30,370.48",1521,2,Badr-Eastern Extension
منطقة (5),124,650.28,170,9,0,0,179,"116,400.12","29,100.03",1521,2,Badr-Eastern Extension
منطقة (5),125,518.35,170,0,0,0,170,"88,119.50","22,029.88",1521,2,Badr-Eastern Extension
منطقة (5),126,518.35,170,0,0,0,170,"88,119.50","22,029.88",1521,2,Badr-Eastern Extension
منطقة (5),127,518.35,170,0,0,0,170,"88,119.50","22,029.88",1521,2,Badr-Eastern Extension
منطقة (5),128,518.35,170,0,0,0,170,"88,119.50","22,029.88",1521,2,Badr-Eastern Extension
منطقة (5),129,518.35,170,0,0,0,170,"88,119.50","22,029.88",1521,2,Badr-Eastern Extension
منطقة (5),13,500.00,170,0,0,0,170,"85,000.00","21,250.00",1521,2,Badr-Eastern Extension
منطقة (5),130,518.35,170,0,0,0,170,"88,119.50","22,029.88",1521,2,Badr-Eastern Extension
منطقة (5),131,505.19,170,9,0,0,179,"90,429.01","22,607.25",1521,2,Badr-Eastern Extension
منطقة (5),132,504.38,170,9,0,0,179,"90,284.02","22,571.01",1521,2,Badr-Eastern Extension
منطقة (5),133,506.64,170,0,0,0,170,"86,128.80","21,532.20",1521,2,Badr-Eastern Extension
منطقة (5),134,506.64,170,0,0,0,170,"86,128.80","21,532.20",1521,2,Badr-Eastern Extension
منطقة (5),135,506.64,170,0,0,0,170,"86,128.80","21,532.20",1521,3,Badr-Eastern Extension
منطقة (5),136,506.64,170,0,0,0,170,"86,128.80","21,532.20",1521,3,Badr-Eastern Extension
منطقة (5),137,506.64,170,0,0,0,170,"86,128.80","21,532.20",1521,3,Badr-Eastern Extension
منطقة (5),138,506.64,170,0,0,0,170,"86,128.80","21,532.20",1521,3,Badr-Eastern Extension
منطقة (5),139,506.64,170,0,0,0,170,"86,128.80","21,532.20",1521,3,Badr-Eastern Extension
منطقة (5),14,500.00,170,0,0,0,170,"85,000.00","21,250.00",1521,3,Badr-Eastern Extension
منطقة (5),140,595.71,170,9,0,0,179,"106,632.09","26,658.02",1521,3,Badr-Eastern Extension
منطقة (5),141,508.12,170,9,0,0,179,"90,953.48","22,738.37",1521,3,Badr-Eastern Extension
منطقة (5),142,505.70,170,0,0,0,170,"85,969.00","21,492.25",1521,3,Badr-Eastern Extension
منطقة (5),143,505.70,170,0,0,0,170,"85,969.00","21,492.25",1521,3,Badr-Eastern Extension
منطقة (5),144,505.70,170,0,0,0,170,"85,969.00","21,492.25",1521,3,Badr-Eastern Extension
منطقة (5),145,505.70,170,0,0,0,170,"85,969.00","21,492.25",1521,3,Badr-Eastern Extension
منطقة (5),146,505.70,170,0,0,0,170,"85,969.00","21,492.25",1521,3,Badr-Eastern Extension
منطقة (5),147,505.70,170,0,0,0,170,"85,969.00","21,492.25",1521,3,Badr-Eastern Extension
منطقة (5),148,505.70,170,0,0,0,170,"85,969.00","21,492.25",1521,3,Badr-Eastern Extension
منطقة (5),149,616.11,170,9,0,0,179,"110,283.69","27,570.92",1521,3,Badr-Eastern Extension
منطقة (5),15,500.00,170,0,0,0,170,"85,000.00","21,250.00",1521,3,Badr-Eastern Extension
منطقة (5),150,494.29,170,9,0,0,179,"88,477.91","22,119.48",1521,3,Badr-Eastern Extension
منطقة (5),151,494.29,170,0,0,0,170,"84,029.30","21,007.33",1521,3,Badr-Eastern Extension
منطقة (5),152,494.29,170,0,0,0,170,"84,029.30","21,007.33",1521,3,Badr-Eastern Extension
منطقة (5),153,494.29,170,0,0,0,170,"84,029.30","21,007.33",1521,4,Badr-Eastern Extension
منطقة (5),154,494.29,170,0,0,0,170,"84,029.30","21,007.33",1521,4,Badr-Eastern Extension
منطقة (5),155,494.29,170,0,0,0,170,"84,029.30","21,007.33",1521,4,Badr-Eastern Extension
منطقة (5),156,494.29,170,0,0,0,170,"84,029.30","21,007.33",1521,4,Badr-Eastern Extension
منطقة (5),157,476.39,170,9,0,0,179,"85,273.81","21,318.45",1521,4,Badr-Eastern Extension
منطقة (5),158,471.58,170,9,9,0,188,"88,657.04","22,164.26",1521,4,Badr-Eastern Extension
منطقة (5),159,475.00,170,0,9,0,179,"85,025.00","21,256.25",1521,4,Badr-Eastern Extension
منطقة (5),16,500.00,170,0,0,0,170,"85,000.00","21,250.00",1521,4,Badr-Eastern Extension
منطقة (5),160,475.00,170,0,9,0,179,"85,025.00","21,256.25",1521,4,Badr-Eastern Extension
منطقة (5),161,475.00,170,0,9,0,179,"85,025.00","21,256.25",1521,4,Badr-Eastern Extension
منطقة (5),162,475.00,170,0,9,0,179,"85,025.00","21,256.25",1521,4,Badr-Eastern Extension
منطقة (5),163,475.00,170,0,9,0,179,"85,025.00","21,256.25",1521,4,Badr-Eastern Extension
منطقة (5),164,475.00,170,0,9,0,179,"85,025.00","21,256.25",1521,4,Badr-Eastern Extension
منطقة (5),165,475.00,170,0,9,0,179,"85,025.00","21,256.25",1521,4,Badr-Eastern Extension
منطقة (5),166,475.00,170,0,9,0,179,"85,025.00","21,256.25",1521,4,Badr-Eastern Extension
منطقة (5),167,475.00,170,0,0,0,170,"80,750.00","20,187.50",1521,4,Badr-Eastern Extension
منطقة (5),168,450.64,170,9,0,0,179,"80,664.56","20,166.14",1521,4,Badr-Eastern Extension
منطقة (5),169,475.00,170,9,0,0,179,"85,025.00","21,256.25",1521,4,Badr-Eastern Extension
منطقة (5),17,500.00,170,9,0,0,179,"89,500.00","22,375.00",1521,4,Badr-Eastern Extension
منطقة (5),170,475.00,170,0,0,0,170,"80,750.00","20,187.50",1521,4,Badr-Eastern Extension
منطقة (5),171,475.00,170,0,0,0,170,"80,750.00","20,187.50",1521,5,Badr-Eastern Extension
منطقة (5),172,475.00,170,0,0,0,170,"80,750.00","20,187.50",1521,5,Badr-Eastern Extension
منطقة (5),173,475.00,170,0,0,0,170,"80,750.00","20,187.50",1521,5,Badr-Eastern Extension
منطقة (5),174,475.00,170,0,0,0,170,"80,750.00","20,187.50",1521,5,Badr-Eastern Extension
منطقة (5),175,475.00,170,0,0,0,170,"80,750.00","20,187.50",1521,5,Badr-Eastern Extension
منطقة (5),176,475.00,170,0,0,0,170,"80,750.00","20,187.50",1521,5,Badr-Eastern Extension
منطقة (5),177,475.00,170,0,0,0,170,"80,750.00","20,187.50",1521,5,Badr-Eastern Extension
منطقة (5),178,462.95,170,9,0,0,179,"82,868.05","20,717.01",1521,5,Badr-Eastern Extension
منطقة (5),179,551.46,170,9,0,0,179,"98,711.34","24,677.84",1521,5,Badr-Eastern Extension
منطقة (5),18,500.00,170,9,0,0,179,"89,500.00","22,375.00",1521,5,Badr-Eastern Extension
منطقة (5),180,500.00,170,0,0,0,170,"85,000.00","21,250.00",1521,5,Badr-Eastern Extension
منطقة (5),181,500.00,170,0,0,0,170,"85,000.00","21,250.00",1521,5,Badr-Eastern Extension
منطقة (5),182,500.00,170,0,0,0,170,"85,000.00","21,250.00",1521,5,Badr-Eastern Extension
منطقة (5),183,500.00,170,0,0,0,170,"85,000.00","21,250.00",1521,5,Badr-Eastern Extension
منطقة (5),184,500.00,170,0,0,0,170,"85,000.00","21,250.00",1521,5,Badr-Eastern Extension
منطقة (5),185,500.00,170,0,0,0,170,"85,000.00","21,250.00",1521,5,Badr-Eastern Extension
منطقة (5),186,500.00,170,0,0,0,170,"85,000.00","21,250.00",1521,5,Badr-Eastern Extension
منطقة (5),187,500.00,170,0,0,0,170,"85,000.00","21,250.00",1521,5,Badr-Eastern Extension
منطقة (5),188,500.00,170,0,0,0,170,"85,000.00","21,250.00",1521,5,Badr-Eastern Extension
منطقة (5),189,500.00,170,0,0,0,170,"85,000.00","21,250.00",1521,5,Badr-Eastern Extension
منطقة (5),19,500.00,170,0,0,0,170,"85,000.00","21,250.00",1521,6,Badr-Eastern Extension
منطقة (5),190,649.19,170,9,0,0,179,"116,205.01","29,051.25",1521,6,Badr-Eastern Extension
منطقة (5),191,500.00,170,9,0,0,179,"89,500.00","22,375.00",1521,6,Badr-Eastern Extension
منطقة (5),192,500.00,170,0,0,0,170,"85,000.00","21,250.00",1521,6,Badr-Eastern Extension
منطقة (5),193,500.00,170,0,0,0,170,"85,000.00","21,250.00",1521,6,Badr-Eastern Extension
منطقة (5),194,500.00,170,0,0,0,170,"85,000.00","21,250.00",1521,6,Badr-Eastern Extension
منطقة (5),195,500.00,170,0,0,0,170,"85,000.00","21,250.00",1521,6,Badr-Eastern Extension
منطقة (5),196,500.00,170,0,0,0,170,"85,000.00","21,250.00",1521,6,Badr-Eastern Extension
منطقة (5),197,500.00,170,0,0,0,170,"85,000.00","21,250.00",1521,6,Badr-Eastern Extension
منطقة (5),198,500.00,170,0,0,0,170,"85,000.00","21,250.00",1521,6,Badr-Eastern Extension
منطقة (5),199,500.00,170,0,0,0,170,"85,000.00","21,250.00",1521,6,Badr-Eastern Extension
منطقة (5),2,500.00,170,0,0,0,170,"85,000.00","21,250.00",1521,6,Badr-Eastern Extension
منطقة (5),20,500.00,170,0,0,0,170,"85,000.00","21,250.00",1521,6,Badr-Eastern Extension
منطقة (5),200,500.00,170,0,0,0,170,"85,000.00","21,250.00",1521,6,Badr-Eastern Extension
منطقة (5),201,529.94,170,9,0,0,179,"94,859.26","23,714.82",1521,6,Badr-Eastern Extension
منطقة (5),202,510.00,170,9,9,0,188,"95,880.00","23,970.00",1521,6,Badr-Eastern Extension
منطقة (5),203,510.00,170,0,0,0,170,"86,700.00","21,675.00",1521,6,Badr-Eastern Extension
منطقة (5),204,510.00,170,0,0,0,170,"86,700.00","21,675.00",1521,6,Badr-Eastern Extension
منطقة (5),205,510.00,170,0,0,0,170,"86,700.00","21,675.00",1521,6,Badr-Eastern Extension
منطقة (5),206,510.00,170,0,0,0,170,"86,700.00","21,675.00",1521,6,Badr-Eastern Extension
منطقة (5),207,510.00,170,0,0,0,170,"86,700.00","21,675.00",1521,7,Badr-Eastern Extension
منطقة (5),208,502.50,170,9,0,0,179,"89,947.50","22,486.88",1521,7,Badr-Eastern Extension
منطقة (5),209,502.50,170,9,0,0,179,"89,947.50","22,486.88",1521,7,Badr-Eastern Extension
منطقة (5),21,500.00,170,0,0,0,170,"85,000.00","21,250.00",1521,7,Badr-Eastern Extension
منطقة (5),210,510.00,170,0,0,0,170,"86,700.00","21,675.00",1521,7,Badr-Eastern Extension
منطقة (5),211,510.00,170,0,0,0,170,"86,700.00","21,675.00",1521,7,Badr-Eastern Extension
منطقة (5),212,510.00,170,0,0,0,170,"86,700.00","21,675.00",1521,7,Badr-Eastern Extension
منطقة (5),213,510.00,170,0,0,0,170,"86,700.00","21,675.00",1521,7,Badr-Eastern Extension
منطقة (5),214,510.00,170,0,0,0,170,"86,700.00","21,675.00",1521,7,Badr-Eastern Extension
منطقة (5),215,510.00,170,9,9,0,188,"95,880.00","23,970.00",1521,7,Badr-Eastern Extension
منطقة (5),22,500.00,170,0,0,0,170,"85,000.00","21,250.00",1521,7,Badr-Eastern Extension
منطقة (5),23,500.00,170,0,0,0,170,"85,000.00","21,250.00",1521,7,Badr-Eastern Extension
منطقة (5),24,500.00,170,0,0,0,170,"85,000.00","21,250.00",1521,7,Badr-Eastern Extension
منطقة (5),25,500.00,170,9,0,0,179,"89,500.00","22,375.00",1521,7,Badr-Eastern Extension
منطقة (5),26,500.00,170,9,0,0,179,"89,500.00","22,375.00",1521,7,Badr-Eastern Extension
منطقة (5),27,500.00,170,0,0,0,170,"85,000.00","21,250.00",1521,7,Badr-Eastern Extension
منطقة (5),28,500.00,170,0,0,0,170,"85,000.00","21,250.00",1521,7,Badr-Eastern Extension
منطقة (5),29,500.00,170,0,0,0,170,"85,000.00","21,250.00",1521,7,Badr-Eastern Extension
منطقة (5),3,500.00,170,0,0,0,170,"85,000.00","21,250.00",1521,7,Badr-Eastern Extension
منطقة (5),30,500.00,170,0,0,0,170,"85,000.00","21,250.00",1521,7,Badr-Eastern Extension
منطقة (5),31,500.00,170,0,0,0,170,"85,000.00","21,250.00",1521,8,Badr-Eastern Extension
منطقة (5),32,500.00,170,0,0,0,170,"85,000.00","21,250.00",1521,8,Badr-Eastern Extension
منطقة (5),33,500.00,170,0,0,0,170,"85,000.00","21,250.00",1521,8,Badr-Eastern Extension
منطقة (5),34,500.00,170,9,9,0,188,"94,000.00","23,500.00",1521,8,Badr-Eastern Extension
منطقة (5),35,504.79,170,9,0,0,179,"90,357.41","22,589.35",1521,8,Badr-Eastern Extension
منطقة (5),36,510.00,170,0,0,0,170,"86,700.00","21,675.00",1521,8,Badr-Eastern Extension
منطقة (5),37,510.00,170,0,0,0,170,"86,700.00","21,675.00",1521,8,Badr-Eastern Extension
منطقة (5),38,510.00,170,0,0,0,170,"86,700.00","21,675.00",1521,8,Badr-Eastern Extension
منطقة (5),39,510.00,170,0,0,0,170,"86,700.00","21,675.00",1521,8,Badr-Eastern Extension
منطقة (5),4,500.00,170,0,0,0,170,"85,000.00","21,250.00",1521,8,Badr-Eastern Extension
منطقة (5),40,510.00,170,0,0,0,170,"86,700.00","21,675.00",1521,8,Badr-Eastern Extension
منطقة (5),41,510.00,170,9,9,0,188,"95,880.00","23,970.00",1521,8,Badr-Eastern Extension
منطقة (5),42,510.00,170,9,9,0,188,"95,880.00","23,970.00",1521,8,Badr-Eastern Extension
منطقة (5),43,510.00,170,0,0,0,170,"86,700.00","21,675.00",1521,8,Badr-Eastern Extension
منطقة (5),44,510.00,170,0,0,0,170,"86,700.00","21,675.00",1521,8,Badr-Eastern Extension
منطقة (5),45,510.00,170,0,0,0,170,"86,700.00","21,675.00",1521,8,Badr-Eastern Extension
منطقة (5),46,510.00,170,0,0,0,170,"86,700.00","21,675.00",1521,8,Badr-Eastern Extension
منطقة (5),47,510.00,170,0,0,0,170,"86,700.00","21,675.00",1521,8,Badr-Eastern Extension
منطقة (5),48,499.75,170,9,0,0,179,"89,455.25","22,363.81",1521,8,Badr-Eastern Extension
منطقة (5),49,500.00,170,9,0,0,179,"89,500.00","22,375.00",1521,8,Badr-Eastern Extension
منطقة (5),5,500.00,170,0,0,0,170,"85,000.00","21,250.00",1521,9,Badr-Eastern Extension
منطقة (5),50,500.00,170,0,0,0,170,"85,000.00","21,250.00",1521,9,Badr-Eastern Extension
منطقة (5),51,500.00,170,0,0,0,170,"85,000.00","21,250.00",1521,9,Badr-Eastern Extension
منطقة (5),52,500.00,170,0,0,0,170,"85,000.00","21,250.00",1521,9,Badr-Eastern Extension
منطقة (5),53,500.00,170,0,0,0,170,"85,000.00","21,250.00",1521,9,Badr-Eastern Extension
منطقة (5),54,500.00,170,0,0,0,170,"85,000.00","21,250.00",1521,9,Badr-Eastern Extension
منطقة (5),55,500.00,170,9,9,0,188,"94,000.00","23,500.00",1521,9,Badr-Eastern Extension
منطقة (5),56,497.75,170,9,9,0,188,"93,577.00","23,394.25",1521,9,Badr-Eastern Extension
منطقة (5),57,500.00,170,0,0,0,170,"85,000.00","21,250.00",1521,9,Badr-Eastern Extension
منطقة (5),58,500.00,170,0,0,0,170,"85,000.00","21,250.00",1521,9,Badr-Eastern Extension
منطقة (5),59,500.00,170,0,0,0,170,"85,000.00","21,250.00",1521,9,Badr-Eastern Extension
منطقة (5),6,500.00,170,0,0,0,170,"85,000.00","21,250.00",1521,9,Badr-Eastern Extension
منطقة (5),60,500.00,170,0,0,0,170,"85,000.00","21,250.00",1521,9,Badr-Eastern Extension
منطقة (5),61,500.00,170,0,0,0,170,"85,000.00","21,250.00",1521,9,Badr-Eastern Extension
منطقة (5),62,500.00,170,0,0,0,170,"85,000.00","21,250.00",1521,9,Badr-Eastern Extension
منطقة (5),63,500.00,170,0,0,0,170,"85,000.00","21,250.00",1521,9,Badr-Eastern Extension
منطقة (5),64,500.00,170,0,0,0,170,"85,000.00","21,250.00",1521,9,Badr-Eastern Extension
منطقة (5),65,500.00,170,0,0,0,170,"85,000.00","21,250.00",1521,9,Badr-Eastern Extension
منطقة (5),66,444.91,170,9,0,0,179,"79,638.89","19,909.72",1521,9,Badr-Eastern Extension
منطقة (5),67,525.49,170,9,0,0,179,"94,062.71","23,515.68",1521,9,Badr-Eastern Extension
منطقة (5),68,500.00,170,0,0,0,170,"85,000.00","21,250.00",1521,10,Badr-Eastern Extension
منطقة (5),69,500.00,170,0,0,0,170,"85,000.00","21,250.00",1521,10,Badr-Eastern Extension
منطقة (5),7,500.00,170,0,0,0,170,"85,000.00","21,250.00",1521,10,Badr-Eastern Extension
منطقة (5),70,500.00,170,0,0,0,170,"85,000.00","21,250.00",1521,10,Badr-Eastern Extension
منطقة (5),71,500.00,170,0,0,0,170,"85,000.00","21,250.00",1521,10,Badr-Eastern Extension
منطقة (5),72,500.00,170,0,0,0,170,"85,000.00","21,250.00",1521,10,Badr-Eastern Extension
منطقة (5),73,500.00,170,0,0,0,170,"85,000.00","21,250.00",1521,10,Badr-Eastern Extension
منطقة (5),74,500.00,170,0,0,0,170,"85,000.00","21,250.00",1521,10,Badr-Eastern Extension
منطقة (5),75,500.00,170,0,0,0,170,"85,000.00","21,250.00",1521,10,Badr-Eastern Extension
منطقة (5),76,489.78,170,9,9,0,188,"92,078.64","23,019.66",1521,10,Badr-Eastern Extension
منطقة (5),77,500.00,170,9,9,0,188,"94,000.00","23,500.00",1521,10,Badr-Eastern Extension
منطقة (5),78,500.00,170,0,0,0,170,"85,000.00","21,250.00",1521,10,Badr-Eastern Extension
منطقة (5),79,500.00,170,0,0,0,170,"85,000.00","21,250.00",1521,10,Badr-Eastern Extension
منطقة (5),8,500.00,170,0,0,0,170,"85,000.00","21,250.00",1521,10,Badr-Eastern Extension
منطقة (5),80,500.00,170,0,0,0,170,"85,000.00","21,250.00",1521,10,Badr-Eastern Extension
منطقة (5),81,500.00,170,0,0,0,170,"85,000.00","21,250.00",1521,10,Badr-Eastern Extension
منطقة (5),82,500.00,170,0,0,0,170,"85,000.00","21,250.00",1521,10,Badr-Eastern Extension
منطقة (5),83,500.00,170,9,0,0,179,"89,500.00","22,375.00",1521,10,Badr-Eastern Extension
منطقة (5),84,568.67,170,9,0,0,179,"101,791.93","25,447.98",1521,10,Badr-Eastern Extension
منطقة (5),85,500.00,170,0,0,0,170,"85,000.00","21,250.00",1521,10,Badr-Eastern Extension
منطقة (A),10,590.16,130,0,0,0,130,"76,720.80","19,180.20",1522,1,Badr-Central Park
منطقة (A),102,600.00,130,0,0,0,130,"78,000.00","19,500.00",1522,1,Badr-Central Park
منطقة (A),103,600.00,130,0,0,0,130,"78,000.00","19,500.00",1522,1,Badr-Central Park
منطقة (A),104,600.00,130,0,0,0,130,"78,000.00","19,500.00",1522,1,Badr-Central Park
منطقة (A),105,600.00,130,0,0,0,130,"78,000.00","19,500.00",1522,1,Badr-Central Park
منطقة (A),107,609.57,130,7,0,0,137,"83,511.09","20,877.77",1522,1,Badr-Central Park
منطقة (A),108,626.05,130,0,0,0,130,"81,386.50","20,346.63",1522,1,Badr-Central Park
منطقة (A),109,622.43,130,0,0,0,130,"80,915.90","20,228.98",1522,1,Badr-Central Park
منطقة (A),11,590.16,130,0,0,0,130,"76,720.80","19,180.20",1522,1,Badr-Central Park
منطقة (A),110,618.81,130,0,0,0,130,"80,445.30","20,111.33",1522,1,Badr-Central Park
منطقة (A),114,625.28,130,0,0,0,130,"81,286.40","20,321.60",1522,1,Badr-Central Park
منطقة (A),115,617.15,130,0,0,0,130,"80,229.50","20,057.38",1522,1,Badr-Central Park
منطقة (A),116,609.03,130,0,0,0,130,"79,173.90","19,793.48",1522,1,Badr-Central Park
منطقة (A),117,600.91,130,0,0,0,130,"78,118.30","19,529.58",1522,1,Badr-Central Park
منطقة (A),120,600.00,130,0,0,0,130,"78,000.00","19,500.00",1522,1,Badr-Central Park
منطقة (A),121,600.00,130,0,0,0,130,"78,000.00","19,500.00",1522,1,Badr-Central Park
منطقة (A),122,600.00,130,0,0,0,130,"78,000.00","19,500.00",1522,1,Badr-Central Park
منطقة (A),123,600.00,130,0,0,0,130,"78,000.00","19,500.00",1522,1,Badr-Central Park
منطقة (A),124,600.00,130,7,7,0,144,"86,400.00","21,600.00",1522,1,Badr-Central Park
منطقة (A),125,600.00,130,7,7,0,144,"86,400.00","21,600.00",1522,1,Badr-Central Park
منطقة (A),126,600.00,130,0,0,0,130,"78,000.00","19,500.00",1522,2,Badr-Central Park
منطقة (A),127,600.00,130,0,0,0,130,"78,000.00","19,500.00",1522,2,Badr-Central Park
منطقة (A),128,600.00,130,0,7,0,137,"82,200.00","20,550.00",1522,2,Badr-Central Park
منطقة (A),129,600.00,130,0,7,0,137,"82,200.00","20,550.00",1522,2,Badr-Central Park
منطقة (A),132,600.00,130,0,0,0,130,"78,000.00","19,500.00",1522,2,Badr-Central Park
منطقة (A),133,600.00,130,0,0,0,130,"78,000.00","19,500.00",1522,2,Badr-Central Park
منطقة (A),134,600.00,130,0,0,0,130,"78,000.00","19,500.00",1522,2,Badr-Central Park
منطقة (A),135,600.00,130,0,0,0,130,"78,000.00","19,500.00",1522,2,Badr-Central Park
منطقة (A),138,600.00,130,0,0,0,130,"78,000.00","19,500.00",1522,2,Badr-Central Park
منطقة (A),139,600.00,130,0,0,0,130,"78,000.00","19,500.00",1522,2,Badr-Central Park
منطقة (A),14,590.16,130,0,0,0,130,"76,720.80","19,180.20",1522,2,Badr-Central Park
منطقة (A),140,600.00,130,0,0,0,130,"78,000.00","19,500.00",1522,2,Badr-Central Park
منطقة (A),141,600.00,130,0,0,0,130,"78,000.00","19,500.00",1522,2,Badr-Central Park
منطقة (A),144,600.00,130,0,0,0,130,"78,000.00","19,500.00",1522,2,Badr-Central Park
منطقة (A),145,600.00,130,0,0,0,130,"78,000.00","19,500.00",1522,2,Badr-Central Park
منطقة (A),146,600.00,130,0,0,0,130,"78,000.00","19,500.00",1522,2,Badr-Central Park
منطقة (A),147,600.00,130,0,0,0,130,"78,000.00","19,500.00",1522,2,Badr-Central Park
منطقة (A),148,600.00,130,0,0,0,130,"78,000.00","19,500.00",1522,2,Badr-Central Park
منطقة (A),149,600.00,130,7,0,0,137,"82,200.00","20,550.00",1522,2,Badr-Central Park
منطقة (A),15,590.16,130,0,0,0,130,"76,720.80","19,180.20",1522,2,Badr-Central Park
منطقة (A),18,579.05,130,0,0,0,130,"75,276.50","18,819.13",1522,3,Badr-Central Park
منطقة (A),19,571.18,130,0,0,0,130,"74,253.40","18,563.35",1522,3,Badr-Central Park
منطقة (A),20,602.59,130,7,0,0,137,"82,554.83","20,638.71",1522,3,Badr-Central Park
منطقة (A),22,582.12,130,0,0,0,130,"75,675.60","18,918.90",1522,3,Badr-Central Park
منطقة (A),23,578.85,130,0,0,0,130,"75,250.50","18,812.63",1522,3,Badr-Central Park
منطقة (A),24,618.71,130,7,0,0,137,"84,763.27","21,190.82",1522,3,Badr-Central Park
منطقة (A),26,590.01,130,0,0,0,130,"76,701.30","19,175.33",1522,3,Badr-Central Park
منطقة (A),27,590.01,130,0,0,0,130,"76,701.30","19,175.33",1522,3,Badr-Central Park
منطقة (A),30,590.01,130,0,0,0,130,"76,701.30","19,175.33",1522,3,Badr-Central Park
منطقة (A),31,590.01,130,0,0,0,130,"76,701.30","19,175.33",1522,3,Badr-Central Park
منطقة (A),34,590.01,130,0,0,0,130,"76,701.30","19,175.33",1522,3,Badr-Central Park
منطقة (A),35,590.01,130,0,0,0,130,"76,701.30","19,175.33",1522,3,Badr-Central Park
منطقة (A),36,603.74,130,7,0,0,137,"82,712.38","20,678.10",1522,3,Badr-Central Park
منطقة (A),38,590.01,130,0,0,0,130,"76,701.30","19,175.33",1522,3,Badr-Central Park
منطقة (A),39,590.01,130,0,0,0,130,"76,701.30","19,175.33",1522,3,Badr-Central Park
منطقة (A),40,607.61,130,7,0,0,137,"83,242.57","20,810.64",1522,3,Badr-Central Park
منطقة (A),42,601.40,130,0,0,0,130,"78,182.00","19,545.50",1522,3,Badr-Central Park
منطقة (A),43,601.40,130,0,0,0,130,"78,182.00","19,545.50",1522,3,Badr-Central Park
منطقة (A),45,601.40,130,0,0,0,130,"78,182.00","19,545.50",1522,3,Badr-Central Park
منطقة (A),46,601.40,130,0,0,0,130,"78,182.00","19,545.50",1522,3,Badr-Central Park
منطقة (A),47,601.40,130,0,0,0,130,"78,182.00","19,545.50",1522,4,Badr-Central Park
منطقة (A),50,598.69,130,0,0,0,130,"77,829.70","19,457.43",1522,4,Badr-Central Park
منطقة (A),51,598.78,130,0,0,0,130,"77,841.40","19,460.35",1522,4,Badr-Central Park
منطقة (A),52,598.87,130,0,0,0,130,"77,853.10","19,463.28",1522,4,Badr-Central Park
منطقة (A),53,598.97,130,0,0,0,130,"77,866.10","19,466.53",1522,4,Badr-Central Park
منطقة (A),54,599.06,130,0,0,0,130,"77,877.80","19,469.45",1522,4,Badr-Central Park
منطقة (A),55,599.15,130,0,0,0,130,"77,889.50","19,472.38",1522,4,Badr-Central Park
منطقة (A),56,534.97,130,7,0,0,137,"73,290.89","18,322.72",1522,4,Badr-Central Park
منطقة (A),57,656.18,130,7,0,0,137,"89,896.66","22,474.17",1522,4,Badr-Central Park
منطقة (A),58,600.00,130,0,0,0,130,"78,000.00","19,500.00",1522,4,Badr-Central Park
منطقة (A),59,600.00,130,0,0,0,130,"78,000.00","19,500.00",1522,4,Badr-Central Park
منطقة (A),6,590.16,130,0,0,0,130,"76,720.80","19,180.20",1522,4,Badr-Central Park
منطقة (A),60,600.00,130,0,0,0,130,"78,000.00","19,500.00",1522,4,Badr-Central Park
منطقة (A),61,600.00,130,0,0,0,130,"78,000.00","19,500.00",1522,4,Badr-Central Park
منطقة (A),62,600.00,130,7,7,0,144,"86,400.00","21,600.00",1522,4,Badr-Central Park
منطقة (A),63,600.00,130,7,7,0,144,"86,400.00","21,600.00",1522,4,Badr-Central Park
منطقة (A),64,600.00,130,0,0,0,130,"78,000.00","19,500.00",1522,4,Badr-Central Park
منطقة (A),65,600.00,130,0,0,0,130,"78,000.00","19,500.00",1522,4,Badr-Central Park
منطقة (A),66,600.00,130,0,0,0,130,"78,000.00","19,500.00",1522,4,Badr-Central Park
منطقة (A),67,600.00,130,0,0,0,130,"78,000.00","19,500.00",1522,4,Badr-Central Park
منطقة (A),68,600.00,130,0,0,0,130,"78,000.00","19,500.00",1522,5,Badr-Central Park
منطقة (A),69,600.00,130,0,0,0,130,"78,000.00","19,500.00",1522,5,Badr-Central Park
منطقة (A),7,590.16,130,0,0,0,130,"76,720.80","19,180.20",1522,5,Badr-Central Park
منطقة (A),70,600.00,130,7,7,0,144,"86,400.00","21,600.00",1522,5,Badr-Central Park
منطقة (A),71,600.00,130,7,7,0,144,"86,400.00","21,600.00",1522,5,Badr-Central Park
منطقة (A),72,600.00,130,0,0,0,130,"78,000.00","19,500.00",1522,5,Badr-Central Park
منطقة (A),73,600.00,130,0,0,0,130,"78,000.00","19,500.00",1522,5,Badr-Central Park
منطقة (A),74,600.00,130,0,0,0,130,"78,000.00","19,500.00",1522,5,Badr-Central Park
منطقة (A),77,600.00,130,0,0,0,130,"78,000.00","19,500.00",1522,5,Badr-Central Park
منطقة (A),78,600.00,130,0,0,0,130,"78,000.00","19,500.00",1522,5,Badr-Central Park
منطقة (A),79,600.00,130,0,0,0,130,"78,000.00","19,500.00",1522,5,Badr-Central Park
منطقة (A),82,600.00,130,0,0,0,130,"78,000.00","19,500.00",1522,5,Badr-Central Park
منطقة (A),83,600.00,130,0,0,0,130,"78,000.00","19,500.00",1522,5,Badr-Central Park
منطقة (A),84,600.00,130,0,0,0,130,"78,000.00","19,500.00",1522,5,Badr-Central Park
منطقة (A),85,600.00,130,0,0,0,130,"78,000.00","19,500.00",1522,5,Badr-Central Park
منطقة (A),86,600.00,130,0,0,0,130,"78,000.00","19,500.00",1522,5,Badr-Central Park
منطقة (A),87,600.00,130,0,0,0,130,"78,000.00","19,500.00",1522,5,Badr-Central Park
منطقة (A),90,600.00,130,0,0,0,130,"78,000.00","19,500.00",1522,5,Badr-Central Park
منطقة (A),91,600.00,130,0,0,0,130,"78,000.00","19,500.00",1522,5,Badr-Central Park
منطقة (A),92,600.00,130,0,0,0,130,"78,000.00","19,500.00",1522,5,Badr-Central Park
منطقة (A),93,600.00,130,0,0,0,130,"78,000.00","19,500.00",1522,6,Badr-Central Park
منطقة (A),94,655.42,130,7,0,0,137,"89,792.54","22,448.14",1522,6,Badr-Central Park
منطقة (A),95,600.00,130,7,7,0,144,"86,400.00","21,600.00",1522,6,Badr-Central Park
منطقة (A),96,600.00,130,0,0,0,130,"78,000.00","19,500.00",1522,6,Badr-Central Park
منطقة (A),97,600.00,130,0,0,0,130,"78,000.00","19,500.00",1522,6,Badr-Central Park
منطقة (A),98,600.00,130,0,0,0,130,"78,000.00","19,500.00",1522,6,Badr-Central Park
منطقة (A),99,600.00,130,0,0,0,130,"78,000.00","19,500.00",1522,6,Badr-Central Park
منطقة (ب),102,629.68,130,7,7,0,144,"90,673.92","22,668.48",1523,1,Badr-Central Park
منطقة (ب),103,633.53,130,0,0,0,130,"82,358.90","20,589.73",1523,1,Badr-Central Park
منطقة (ب),104,638.10,130,0,0,0,130,"82,953.00","20,738.25",1523,1,Badr-Central Park
منطقة (ب),105,643.45,130,0,0,0,130,"83,648.50","20,912.13",1523,1,Badr-Central Park
منطقة (ب),106,619.87,130,0,0,0,130,"80,583.10","20,145.78",1523,1,Badr-Central Park
منطقة (ب),107,649.90,130,7,7,0,144,"93,585.60","23,396.40",1523,1,Badr-Central Park
منطقة (ب),108,621.98,130,7,7,0,144,"89,565.12","22,391.28",1523,1,Badr-Central Park
منطقة (ب),109,623.79,130,0,0,0,130,"81,092.70","20,273.18",1523,1,Badr-Central Park
منطقة (ب),110,626.24,130,0,0,0,130,"81,411.20","20,352.80",1523,1,Badr-Central Park
منطقة (ب),111,629.35,130,0,0,0,130,"81,815.50","20,453.88",1523,1,Badr-Central Park
منطقة (ب),114,613.00,130,0,7,0,137,"83,981.00","20,995.25",1523,1,Badr-Central Park
منطقة (ب),116,607.59,130,0,7,0,137,"83,239.83","20,809.96",1523,1,Badr-Central Park
منطقة (ب),119,603.77,130,0,7,0,137,"82,716.49","20,679.12",1523,1,Badr-Central Park
منطقة (ب),120,626.73,130,0,7,0,137,"85,862.01","21,465.50",1523,1,Badr-Central Park
منطقة (ب),121,621.53,130,0,7,0,137,"85,149.61","21,287.40",1523,1,Badr-Central Park
منطقة (ب),122,617.07,130,0,7,0,137,"84,538.59","21,134.65",1523,1,Badr-Central Park
منطقة (ب),125,605.96,130,0,7,0,137,"83,016.52","20,754.13",1523,1,Badr-Central Park
منطقة (ب),126,604.73,130,0,7,0,137,"82,848.01","20,712.00",1523,1,Badr-Central Park
منطقة (ب),136,601.29,130,0,0,0,130,"78,167.70","19,541.93",1523,1,Badr-Central Park
منطقة (ب),137,601.29,130,0,0,0,130,"78,167.70","19,541.93",1523,1,Badr-Central Park
منطقة (ب),138,601.29,130,0,0,0,130,"78,167.70","19,541.93",1523,2,Badr-Central Park
منطقة (ب),139,601.29,130,0,0,0,130,"78,167.70","19,541.93",1523,2,Badr-Central Park
منطقة (ب),140,601.29,130,7,7,0,144,"86,585.76","21,646.44",1523,2,Badr-Central Park
منطقة (ب),141,608.19,130,7,7,0,144,"87,579.36","21,894.84",1523,2,Badr-Central Park
منطقة (ب),147,601.29,130,7,7,0,144,"86,585.76","21,646.44",1523,2,Badr-Central Park
منطقة (ب),148,601.29,130,0,0,0,130,"78,167.70","19,541.93",1523,2,Badr-Central Park
منطقة (ب),149,601.29,130,0,0,0,130,"78,167.70","19,541.93",1523,2,Badr-Central Park
منطقة (ب),150,601.29,130,0,0,0,130,"78,167.70","19,541.93",1523,2,Badr-Central Park
منطقة (ب),151,601.29,130,0,0,0,130,"78,167.70","19,541.93",1523,2,Badr-Central Park
منطقة (ب),152,601.62,130,7,0,0,137,"82,421.94","20,605.49",1523,2,Badr-Central Park
منطقة (ب),153,603.73,130,7,7,0,144,"86,937.12","21,734.28",1523,2,Badr-Central Park
منطقة (ب),154,612.44,130,0,7,0,137,"83,904.28","20,976.07",1523,2,Badr-Central Park
منطقة (ب),155,625.92,130,0,7,0,137,"85,751.04","21,437.76",1523,2,Badr-Central Park
منطقة (ب),156,629.37,130,0,7,0,137,"86,223.69","21,555.92",1523,2,Badr-Central Park
منطقة (ب),157,653.50,130,0,0,0,130,"84,955.00","21,238.75",1523,2,Badr-Central Park
منطقة (ب),16,639.52,130,0,0,0,130,"83,137.60","20,784.40",1523,2,Badr-Central Park
منطقة (ب),160,590.52,130,0,0,0,130,"76,767.60","19,191.90",1523,2,Badr-Central Park
منطقة (ب),161,591.06,130,0,0,0,130,"76,837.80","19,209.45",1523,2,Badr-Central Park
منطقة (ب),162,598.32,130,0,0,0,130,"77,781.60","19,445.40",1523,2,Badr-Central Park
منطقة (ب),163,575.67,130,0,0,0,130,"74,837.10","18,709.28",1523,2,Badr-Central Park
منطقة (ب),165,653.50,130,7,7,0,144,"94,104.00","23,526.00",1523,3,Badr-Central Park
منطقة (ب),166,653.50,130,0,7,0,137,"89,529.50","22,382.38",1523,3,Badr-Central Park
منطقة (ب),167,653.50,130,0,7,0,137,"89,529.50","22,382.38",1523,3,Badr-Central Park
منطقة (ب),168,653.50,130,0,7,0,137,"89,529.50","22,382.38",1523,3,Badr-Central Park
منطقة (ب),169,653.50,130,7,7,0,144,"94,104.00","23,526.00",1523,3,Badr-Central Park
منطقة (ب),171,575.67,130,0,0,0,130,"74,837.10","18,709.28",1523,3,Badr-Central Park
منطقة (ب),172,575.67,130,0,0,0,130,"74,837.10","18,709.28",1523,3,Badr-Central Park
منطقة (ب),173,575.67,130,0,0,0,130,"74,837.10","18,709.28",1523,3,Badr-Central Park
منطقة (ب),175,661.53,130,7,7,0,144,"95,260.32","23,815.08",1523,3,Badr-Central Park
منطقة (ب),176,566.60,130,7,7,0,144,"81,590.40","20,397.60",1523,3,Badr-Central Park
منطقة (ب),177,617.11,130,0,7,0,137,"84,544.07","21,136.02",1523,3,Badr-Central Park
منطقة (ب),178,611.38,130,7,7,0,144,"88,038.72","22,009.68",1523,3,Badr-Central Park
منطقة (ب),179,617.11,130,0,7,0,137,"84,544.07","21,136.02",1523,3,Badr-Central Park
منطقة (ب),180,611.38,130,7,7,0,144,"88,038.72","22,009.68",1523,3,Badr-Central Park
منطقة (ب),181,617.11,130,0,7,0,137,"84,544.07","21,136.02",1523,3,Badr-Central Park
منطقة (ب),182,879.74,130,7,7,0,144,"126,682.56","31,670.64",1523,3,Badr-Central Park
منطقة (ب),183,611.38,130,0,0,0,130,"79,479.40","19,869.85",1523,3,Badr-Central Park
منطقة (ب),184,611.38,130,0,0,0,130,"79,479.40","19,869.85",1523,3,Badr-Central Park
منطقة (ب),185,624.23,130,7,7,0,144,"89,889.12","22,472.28",1523,3,Badr-Central Park
منطقة (ب),186,"1,065.42",130,7,7,0,144,"153,420.48","38,355.12",1523,3,Badr-Central Park
منطقة (ب),187,609.03,130,0,0,0,130,"79,173.90","19,793.48",1523,4,Badr-Central Park
منطقة (ب),188,609.03,130,7,7,0,144,"87,700.32","21,925.08",1523,4,Badr-Central Park
منطقة (ب),189,580.00,130,7,7,0,144,"83,520.00","20,880.00",1523,4,Badr-Central Park
منطقة (ب),190,580.00,130,0,0,0,130,"75,400.00","18,850.00",1523,4,Badr-Central Park
منطقة (ب),191,580.00,130,0,0,0,130,"75,400.00","18,850.00",1523,4,Badr-Central Park
منطقة (ب),193,678.44,130,7,7,0,144,"97,695.36","24,423.84",1523,4,Badr-Central Park
منطقة (ب),194,752.00,130,7,0,0,137,"103,024.00","25,756.00",1523,4,Badr-Central Park
منطقة (ب),196,600.13,130,7,7,0,144,"86,418.72","21,604.68",1523,4,Badr-Central Park
منطقة (ب),197,600.13,130,7,7,0,144,"86,418.72","21,604.68",1523,4,Badr-Central Park
منطقة (ب),198,600.13,130,0,0,0,130,"78,016.90","19,504.23",1523,4,Badr-Central Park
منطقة (ب),199,600.13,130,7,0,0,137,"82,217.81","20,554.45",1523,4,Badr-Central Park
منطقة (ب),200,832.23,130,7,7,0,144,"119,841.12","29,960.28",1523,4,Badr-Central Park
منطقة (ب),203,795.57,130,7,7,0,144,"114,562.08","28,640.52",1523,4,Badr-Central Park
منطقة (ب),204,580.00,130,7,7,0,144,"83,520.00","20,880.00",1523,4,Badr-Central Park
منطقة (ب),205,580.00,130,0,0,0,130,"75,400.00","18,850.00",1523,4,Badr-Central Park
منطقة (ب),206,627.62,130,7,0,0,137,"85,983.94","21,495.99",1523,4,Badr-Central Park
منطقة (ب),207,924.37,130,7,0,0,137,"126,638.69","31,659.67",1523,4,Badr-Central Park
منطقة (ب),208,621.28,130,0,0,0,130,"80,766.40","20,191.60",1523,4,Badr-Central Park
منطقة (ب),209,619.30,130,0,7,0,137,"84,844.10","21,211.03",1523,4,Badr-Central Park
منطقة (ب),210,617.82,130,0,7,0,137,"84,641.34","21,160.34",1523,4,Badr-Central Park
منطقة (ب),211,616.84,130,0,7,0,137,"84,507.08","21,126.77",1523,5,Badr-Central Park
منطقة (ب),212,825.55,130,7,0,0,137,"113,100.35","28,275.09",1523,5,Badr-Central Park
منطقة (ب),213,742.94,130,7,0,0,137,"101,782.78","25,445.70",1523,5,Badr-Central Park
منطقة (ب),214,597.45,130,0,0,0,130,"77,668.50","19,417.13",1523,5,Badr-Central Park
منطقة (ب),215,595.54,130,0,0,0,130,"77,420.20","19,355.05",1523,5,Badr-Central Park
منطقة (ب),216,594.12,130,0,0,0,130,"77,235.60","19,308.90",1523,5,Badr-Central Park
منطقة (ب),217,593.18,130,0,0,0,130,"77,113.40","19,278.35",1523,5,Badr-Central Park
منطقة (ب),218,645.54,130,7,0,0,137,"88,438.98","22,109.75",1523,5,Badr-Central Park
منطقة (ب),219,731.42,130,7,7,0,144,"105,324.48","26,331.12",1523,5,Badr-Central Park
منطقة (ب),220,734.13,130,0,7,0,137,"100,575.81","25,143.95",1523,5,Badr-Central Park
منطقة (ب),221,683.65,130,0,7,0,137,"93,660.05","23,415.01",1523,5,Badr-Central Park
منطقة (ب),222,656.13,130,7,7,0,144,"94,482.72","23,620.68",1523,5,Badr-Central Park
منطقة (ب),223,654.19,130,7,7,0,144,"94,203.36","23,550.84",1523,5,Badr-Central Park
منطقة (ب),224,591.51,130,0,0,0,130,"76,896.30","19,224.08",1523,5,Badr-Central Park
منطقة (ب),225,609.63,130,0,0,0,130,"79,251.90","19,812.98",1523,5,Badr-Central Park
منطقة (ب),226,603.83,130,0,0,0,130,"78,497.90","19,624.48",1523,5,Badr-Central Park
منطقة (ب),228,660.85,130,7,0,0,137,"90,536.45","22,634.11",1523,5,Badr-Central Park
منطقة (ب),229,770.23,130,0,0,0,130,"100,129.90","25,032.48",1523,5,Badr-Central Park
منطقة (ب),23,577.37,130,0,0,0,130,"75,058.10","18,764.53",1523,5,Badr-Central Park
منطقة (ب),230,806.37,130,0,0,0,130,"104,828.10","26,207.03",1523,5,Badr-Central Park
منطقة (ب),231,773.91,130,7,7,0,144,"111,443.04","27,860.76",1523,6,Badr-Central Park
منطقة (ب),232,771.62,130,7,7,0,144,"111,113.28","27,778.32",1523,6,Badr-Central Park
منطقة (ب),233,605.30,130,0,0,0,130,"78,689.00","19,672.25",1523,6,Badr-Central Park
منطقة (ب),234,661.81,130,0,0,0,130,"86,035.30","21,508.83",1523,6,Badr-Central Park
منطقة (ب),235,635.40,130,0,7,0,137,"87,049.80","21,762.45",1523,6,Badr-Central Park
منطقة (ب),237,686.67,130,7,0,0,137,"94,073.79","23,518.45",1523,6,Badr-Central Park
منطقة (ب),238,586.35,130,0,0,0,130,"76,225.50","19,056.38",1523,6,Badr-Central Park
منطقة (ب),239,586.35,130,0,0,0,130,"76,225.50","19,056.38",1523,6,Badr-Central Park
منطقة (ب),240,586.35,130,0,0,0,130,"76,225.50","19,056.38",1523,6,Badr-Central Park
منطقة (ب),241,586.35,130,0,0,0,130,"76,225.50","19,056.38",1523,6,Badr-Central Park
منطقة (ب),242,586.35,130,0,0,0,130,"76,225.50","19,056.38",1523,6,Badr-Central Park
منطقة (ب),243,722.27,130,7,0,0,137,"98,950.99","24,737.75",1523,6,Badr-Central Park
منطقة (ب),244,673.84,130,7,0,0,137,"92,316.08","23,079.02",1523,6,Badr-Central Park
منطقة (ب),245,586.35,130,0,0,0,130,"76,225.50","19,056.38",1523,6,Badr-Central Park
منطقة (ب),246,586.35,130,0,0,0,130,"76,225.50","19,056.38",1523,6,Badr-Central Park
منطقة (ب),247,586.35,130,0,0,0,130,"76,225.50","19,056.38",1523,6,Badr-Central Park
منطقة (ب),248,586.35,130,0,0,0,130,"76,225.50","19,056.38",1523,6,Badr-Central Park
منطقة (ب),249,586.35,130,0,0,0,130,"76,225.50","19,056.38",1523,6,Badr-Central Park
منطقة (ب),25,587.71,130,7,0,0,137,"80,516.27","20,129.07",1523,6,Badr-Central Park
منطقة (ب),250,613.42,130,7,0,0,137,"84,038.54","21,009.64",1523,6,Badr-Central Park
منطقة (ب),252,579.53,130,0,0,0,130,"75,338.90","18,834.73",1523,7,Badr-Central Park
منطقة (ب),253,579.53,130,0,0,0,130,"75,338.90","18,834.73",1523,7,Badr-Central Park
منطقة (ب),254,579.53,130,0,0,0,130,"75,338.90","18,834.73",1523,7,Badr-Central Park
منطقة (ب),255,579.53,130,0,0,0,130,"75,338.90","18,834.73",1523,7,Badr-Central Park
منطقة (ب),256,579.53,130,0,0,0,130,"75,338.90","18,834.73",1523,7,Badr-Central Park
منطقة (ب),257,592.64,130,7,0,0,137,"81,191.68","20,297.92",1523,7,Badr-Central Park
منطقة (ب),259,579.53,130,0,0,0,130,"75,338.90","18,834.73",1523,7,Badr-Central Park
منطقة (ب),260,579.53,130,0,7,0,137,"79,395.61","19,848.90",1523,7,Badr-Central Park
منطقة (ب),263,563.21,130,7,7,0,144,"81,102.24","20,275.56",1523,7,Badr-Central Park
منطقة (ب),279,624.77,130,0,0,0,130,"81,220.10","20,305.03",1523,7,Badr-Central Park
منطقة (ب),280,622.61,130,7,7,0,144,"89,655.84","22,413.96",1523,7,Badr-Central Park
منطقة (ب),281,618.97,130,7,7,0,144,"89,131.68","22,282.92",1523,7,Badr-Central Park
منطقة (ب),282,617.52,130,0,7,0,137,"84,600.24","21,150.06",1523,7,Badr-Central Park
منطقة (ب),283,616.55,130,0,7,0,137,"84,467.35","21,116.84",1523,7,Badr-Central Park
منطقة (ب),285,597.33,130,7,0,0,137,"81,834.21","20,458.55",1523,7,Badr-Central Park
منطقة (ب),286,600.81,130,0,0,0,130,"78,105.30","19,526.33",1523,7,Badr-Central Park
منطقة (ب),287,598.73,130,7,7,0,144,"86,217.12","21,554.28",1523,7,Badr-Central Park
منطقة (ب),288,595.40,130,7,7,0,144,"85,737.60","21,434.40",1523,7,Badr-Central Park
منطقة (ب),289,594.00,130,0,0,0,130,"77,220.00","19,305.00",1523,7,Badr-Central Park
منطقة (ب),290,593.07,130,0,0,0,130,"77,099.10","19,274.78",1523,7,Badr-Central Park
منطقة (ب),291,640.38,130,7,0,0,137,"87,732.06","21,933.02",1523,8,Badr-Central Park
منطقة (ب),292,662.42,130,7,7,0,144,"95,388.48","23,847.12",1523,8,Badr-Central Park
منطقة (ب),293,624.21,130,0,0,0,130,"81,147.30","20,286.83",1523,8,Badr-Central Park
منطقة (ب),294,622.35,130,0,0,0,130,"80,905.50","20,226.38",1523,8,Badr-Central Park
منطقة (ب),295,621.13,130,0,0,0,130,"80,746.90","20,186.73",1523,8,Badr-Central Park
منطقة (ب),296,691.04,130,7,7,0,144,"99,509.76","24,877.44",1523,8,Badr-Central Park
منطقة (ب),297,679.64,130,7,7,0,144,"97,868.16","24,467.04",1523,8,Badr-Central Park
منطقة (ب),298,669.82,130,0,0,0,130,"87,076.60","21,769.15",1523,8,Badr-Central Park
منطقة (ب),299,661.16,130,0,0,0,130,"85,950.80","21,487.70",1523,8,Badr-Central Park
منطقة (ب),300,653.54,130,0,0,0,130,"84,960.20","21,240.05",1523,8,Badr-Central Park
منطقة (ب),301,646.86,130,0,0,0,130,"84,091.80","21,022.95",1523,8,Badr-Central Park
منطقة (ب),302,709.26,130,7,0,0,137,"97,168.62","24,292.16",1523,8,Badr-Central Park
منطقة (ب),303,617.84,130,7,7,0,144,"88,968.96","22,242.24",1523,8,Badr-Central Park
منطقة (ب),305,614.79,130,0,0,0,130,"79,922.70","19,980.68",1523,8,Badr-Central Park
منطقة (ب),306,683.99,130,7,7,0,144,"98,494.56","24,623.64",1523,8,Badr-Central Park
منطقة (ب),307,672.71,130,7,7,0,144,"96,870.24","24,217.56",1523,8,Badr-Central Park
منطقة (ب),308,662.99,130,0,0,0,130,"86,188.70","21,547.18",1523,8,Badr-Central Park
منطقة (ب),309,654.42,130,0,0,0,130,"85,074.60","21,268.65",1523,8,Badr-Central Park
منطقة (ب),310,646.87,130,0,0,0,130,"84,093.10","21,023.28",1523,8,Badr-Central Park
منطقة (ب),311,640.26,130,0,0,0,130,"83,233.80","20,808.45",1523,8,Badr-Central Park
منطقة (ب),43,630.00,130,0,0,0,130,"81,900.00","20,475.00",1523,9,Badr-Central Park
منطقة (ب),49,610.25,130,0,0,0,130,"79,332.50","19,833.13",1523,9,Badr-Central Park
منطقة (ب),51,613.83,130,0,0,0,130,"79,797.90","19,949.48",1523,9,Badr-Central Park
منطقة (ب),52,612.17,130,0,7,0,137,"83,867.29","20,966.82",1523,9,Badr-Central Park
منطقة (ب),53,614.13,130,7,0,0,137,"84,135.81","21,033.95",1523,9,Badr-Central Park
منطقة (ب),62,580.00,130,0,0,0,130,"75,400.00","18,850.00",1523,9,Badr-Central Park
منطقة (ب),67,580.00,130,0,7,0,137,"79,460.00","19,865.00",1523,9,Badr-Central Park
منطقة (ب),71,621.70,130,0,7,0,137,"85,172.90","21,293.23",1523,9,Badr-Central Park
منطقة (ب),73,618.64,130,0,0,0,130,"80,423.20","20,105.80",1523,9,Badr-Central Park
منطقة (ب),74,745.99,130,7,0,0,137,"102,200.63","25,550.16",1523,9,Badr-Central Park
منطقة (ب),79,647.25,130,7,0,0,137,"88,673.25","22,168.31",1523,9,Badr-Central Park
منطقة (ب),80,590.60,130,7,0,0,137,"80,912.20","20,228.05",1523,9,Badr-Central Park
منطقة (ب),81,580.00,130,0,0,0,130,"75,400.00","18,850.00",1523,9,Badr-Central Park
منطقة (ب),83,580.00,130,0,0,0,130,"75,400.00","18,850.00",1523,9,Badr-Central Park
منطقة (ب),84,580.00,130,0,0,0,130,"75,400.00","18,850.00",1523,9,Badr-Central Park
منطقة (ب),85,580.00,130,0,0,0,130,"75,400.00","18,850.00",1523,9,Badr-Central Park
منطقة (ب),86,580.00,130,0,0,0,130,"75,400.00","18,850.00",1523,9,Badr-Central Park
منطقة (ب),94,580.00,130,0,0,0,130,"75,400.00","18,850.00",1523,9,Badr-Central Park
منطقة (ب),95,580.00,130,0,0,0,130,"75,400.00","18,850.00",1523,9,Badr-Central Park
منطقة (ب),98,620.20,130,0,0,0,130,"80,626.00","20,156.50",1523,9,Badr-Central Park
منطقة A,100,468.00,225,12,0,0,237,"110,916.00","27,729.00",1409,1,May 15th City
منطقة A,101,468.00,225,12,0,0,237,"110,916.00","27,729.00",1409,1,May 15th City
منطقة A,102,468.00,225,0,0,0,225,"105,300.00","26,325.00",1409,1,May 15th City
منطقة A,103,467.27,225,0,0,0,225,"105,135.75","26,283.94",1409,1,May 15th City
منطقة A,104,493.22,225,0,0,0,225,"110,974.50","27,743.63",1409,1,May 15th City
منطقة A,105,556.42,225,12,0,0,237,"131,871.54","32,967.89",1409,1,May 15th City
منطقة A,107,520.00,225,12,0,0,237,"123,240.00","30,810.00",1409,1,May 15th City
منطقة A,108,520.00,225,12,0,0,237,"123,240.00","30,810.00",1409,1,May 15th City
منطقة A,109,520.00,225,12,0,0,237,"123,240.00","30,810.00",1409,1,May 15th City
منطقة A,56,523.63,225,12,0,0,237,"124,100.31","31,025.08",1409,1,May 15th City
منطقة A,57,484.69,225,0,0,0,225,"109,055.25","27,263.81",1409,1,May 15th City
منطقة A,58,484.69,225,0,0,0,225,"109,055.25","27,263.81",1409,1,May 15th City
منطقة A,59,484.69,225,0,0,0,225,"109,055.25","27,263.81",1409,1,May 15th City
منطقة A,60,557.63,225,0,0,0,225,"125,466.75","31,366.69",1409,1,May 15th City
منطقة A,63,473.90,225,12,0,0,237,"112,314.30","28,078.58",1409,1,May 15th City
منطقة A,66,468.00,225,0,0,0,225,"105,300.00","26,325.00",1409,1,May 15th City
منطقة A,67,468.00,225,0,0,0,225,"105,300.00","26,325.00",1409,1,May 15th City
منطقة A,68,468.00,225,0,0,0,225,"105,300.00","26,325.00",1409,1,May 15th City
منطقة A,69,468.00,225,12,0,0,237,"110,916.00","27,729.00",1409,1,May 15th City
منطقة A,70,468.00,225,12,0,0,237,"110,916.00","27,729.00",1409,1,May 15th City
منطقة A,71,467.99,225,0,0,0,225,"105,297.75","26,324.44",1409,2,May 15th City
منطقة A,72,467.99,225,0,0,0,225,"105,297.75","26,324.44",1409,2,May 15th City
منطقة A,74,457.44,225,12,0,0,237,"108,413.28","27,103.32",1409,2,May 15th City
منطقة A,75,467.99,225,0,0,0,225,"105,297.75","26,324.44",1409,2,May 15th City
منطقة A,76,467.99,225,0,0,0,225,"105,297.75","26,324.44",1409,2,May 15th City
منطقة A,77,467.84,225,12,0,0,237,"110,878.08","27,719.52",1409,2,May 15th City
منطقة A,78,468.00,225,12,0,0,237,"110,916.00","27,729.00",1409,2,May 15th City
منطقة A,79,468.00,225,0,0,0,225,"105,300.00","26,325.00",1409,2,May 15th City
منطقة A,80,468.00,225,0,0,0,225,"105,300.00","26,325.00",1409,2,May 15th City
منطقة A,81,468.00,225,0,0,0,225,"105,300.00","26,325.00",1409,2,May 15th City
منطقة A,82,578.52,225,12,0,0,237,"137,109.24","34,277.31",1409,2,May 15th City
منطقة A,83,557.63,225,0,0,0,225,"125,466.75","31,366.69",1409,2,May 15th City
منطقة A,84,484.69,225,0,0,0,225,"109,055.25","27,263.81",1409,2,May 15th City
منطقة A,85,484.69,225,0,0,0,225,"109,055.25","27,263.81",1409,2,May 15th City
منطقة A,86,484.69,225,0,0,0,225,"109,055.25","27,263.81",1409,2,May 15th City
منطقة A,87,517.42,225,12,0,0,237,"122,628.54","30,657.14",1409,2,May 15th City
منطقة A,88,549.98,225,12,0,0,237,"130,345.26","32,586.32",1409,2,May 15th City
منطقة A,89,494.00,225,0,0,0,225,"111,150.00","27,787.50",1409,2,May 15th City
منطقة A,90,468.00,225,0,0,0,225,"105,300.00","26,325.00",1409,2,May 15th City
منطقة A,91,468.00,225,0,0,0,225,"105,300.00","26,325.00",1409,2,May 15th City
منطقة A,92,467.81,225,12,0,0,237,"110,870.97","27,717.74",1409,3,May 15th City
منطقة A,93,468.00,225,12,0,0,237,"110,916.00","27,729.00",1409,3,May 15th City
منطقة A,94,468.00,225,0,0,0,225,"105,300.00","26,325.00",1409,3,May 15th City
منطقة A,95,494.00,225,0,0,0,225,"111,150.00","27,787.50",1409,3,May 15th City
منطقة A,96,560.93,225,12,0,0,237,"132,940.41","33,235.10",1409,3,May 15th City
منطقة A,97,558.06,225,12,0,0,237,"132,260.22","33,065.06",1409,3,May 15th City
منطقة A,98,494.00,225,0,0,0,225,"111,150.00","27,787.50",1409,3,May 15th City
منطقة A,99,468.00,225,0,0,0,225,"105,300.00","26,325.00",1409,3,May 15th City
منطقة (C),11,577.89,185,9,0,0,194,"112,110.66","28,027.67",1417,1,"New Minya City-The third tourist area, Zone C"
منطقة (C),12,482.59,185,0,0,0,185,"89,279.15","22,319.79",1417,1,"New Minya City-The third tourist area, Zone C"
منطقة (C),13,482.59,185,0,0,0,185,"89,279.15","22,319.79",1417,1,"New Minya City-The third tourist area, Zone C"
منطقة (C),14,482.59,185,0,0,0,185,"89,279.15","22,319.79",1417,1,"New Minya City-The third tourist area, Zone C"
منطقة (C),15,482.59,185,9,0,0,194,"93,622.46","23,405.62",1417,1,"New Minya City-The third tourist area, Zone C"
منطقة (C),16,482.59,185,9,0,0,194,"93,622.46","23,405.62",1417,1,"New Minya City-The third tourist area, Zone C"
منطقة (C),17,482.59,185,0,0,0,185,"89,279.15","22,319.79",1417,1,"New Minya City-The third tourist area, Zone C"
منطقة (C),19,482.59,185,0,0,0,185,"89,279.15","22,319.79",1417,1,"New Minya City-The third tourist area, Zone C"
منطقة (C),2,517.41,185,0,0,0,185,"95,720.85","23,930.21",1417,1,"New Minya City-The third tourist area, Zone C"
منطقة (C),20,488.21,185,9,0,0,194,"94,712.74","23,678.19",1417,1,"New Minya City-The third tourist area, Zone C"
منطقة (C),22,547.55,185,9,0,0,194,"106,224.70","26,556.18",1417,1,"New Minya City-The third tourist area, Zone C"
منطقة (C),23,547.55,185,0,0,0,185,"101,296.75","25,324.19",1417,1,"New Minya City-The third tourist area, Zone C"
منطقة (C),24,547.55,185,0,0,0,185,"101,296.75","25,324.19",1417,1,"New Minya City-The third tourist area, Zone C"
منطقة (C),25,547.55,185,0,0,0,185,"101,296.75","25,324.19",1417,1,"New Minya City-The third tourist area, Zone C"
منطقة (C),27,547.55,185,0,0,0,185,"101,296.75","25,324.19",1417,1,"New Minya City-The third tourist area, Zone C"
منطقة (C),28,549.80,185,9,0,0,194,"106,661.20","26,665.30",1417,1,"New Minya City-The third tourist area, Zone C"
منطقة (C),29,471.72,185,9,0,0,194,"91,513.68","22,878.42",1417,1,"New Minya City-The third tourist area, Zone C"
منطقة (C),3,517.41,185,0,0,0,185,"95,720.85","23,930.21",1417,1,"New Minya City-The third tourist area, Zone C"
منطقة (C),30,442.76,185,0,0,0,185,"81,910.60","20,477.65",1417,1,"New Minya City-The third tourist area, Zone C"
منطقة (C),31,502.45,185,0,0,0,185,"92,953.25","23,238.31",1417,1,"New Minya City-The third tourist area, Zone C"
منطقة (C),32,502.45,185,0,0,0,185,"92,953.25","23,238.31",1417,2,"New Minya City-The third tourist area, Zone C"
منطقة (C),33,502.45,185,0,0,0,185,"92,953.25","23,238.31",1417,2,"New Minya City-The third tourist area, Zone C"
منطقة (C),34,502.45,185,0,0,0,185,"92,953.25","23,238.31",1417,2,"New Minya City-The third tourist area, Zone C"
منطقة (C),37,570.40,185,9,0,0,194,"110,657.60","27,664.40",1417,2,"New Minya City-The third tourist area, Zone C"
منطقة (C),38,499.30,185,0,0,0,185,"92,370.50","23,092.63",1417,2,"New Minya City-The third tourist area, Zone C"
منطقة (C),39,505.40,185,0,0,0,185,"93,499.00","23,374.75",1417,2,"New Minya City-The third tourist area, Zone C"
منطقة (C),4,517.41,185,0,0,0,185,"95,720.85","23,930.21",1417,2,"New Minya City-The third tourist area, Zone C"
منطقة (C),40,500.00,185,0,0,0,185,"92,500.00","23,125.00",1417,2,"New Minya City-The third tourist area, Zone C"
منطقة (C),42,500.00,185,9,0,0,194,"97,000.00","24,250.00",1417,2,"New Minya City-The third tourist area, Zone C"
منطقة (C),43,500.00,185,0,0,0,185,"92,500.00","23,125.00",1417,2,"New Minya City-The third tourist area, Zone C"
منطقة (C),44,500.00,185,0,0,0,185,"92,500.00","23,125.00",1417,2,"New Minya City-The third tourist area, Zone C"
منطقة (C),45,500.00,185,0,0,0,185,"92,500.00","23,125.00",1417,2,"New Minya City-The third tourist area, Zone C"
منطقة (C),46,609.50,185,9,0,0,194,"118,243.00","29,560.75",1417,2,"New Minya City-The third tourist area, Zone C"
منطقة (C),47,608.00,185,9,0,0,194,"117,952.00","29,488.00",1417,2,"New Minya City-The third tourist area, Zone C"
منطقة (C),48,500.00,185,0,0,0,185,"92,500.00","23,125.00",1417,2,"New Minya City-The third tourist area, Zone C"
منطقة (C),49,500.00,185,0,0,0,185,"92,500.00","23,125.00",1417,2,"New Minya City-The third tourist area, Zone C"
منطقة (C),5,517.41,185,9,0,0,194,"100,377.54","25,094.39",1417,2,"New Minya City-The third tourist area, Zone C"
منطقة (C),50,500.00,185,0,0,0,185,"92,500.00","23,125.00",1417,2,"New Minya City-The third tourist area, Zone C"
منطقة (C),51,500.00,185,9,0,0,194,"97,000.00","24,250.00",1417,2,"New Minya City-The third tourist area, Zone C"
منطقة (C),52,500.00,185,9,0,0,194,"97,000.00","24,250.00",1417,2,"New Minya City-The third tourist area, Zone C"
منطقة (C),53,500.00,185,0,0,0,185,"92,500.00","23,125.00",1417,3,"New Minya City-The third tourist area, Zone C"
منطقة (C),54,505.40,185,0,0,0,185,"93,499.00","23,374.75",1417,3,"New Minya City-The third tourist area, Zone C"
منطقة (C),55,505.40,185,0,0,0,185,"93,499.00","23,374.75",1417,3,"New Minya City-The third tourist area, Zone C"
منطقة (C),56,440.00,185,9,0,0,194,"85,360.00","21,340.00",1417,3,"New Minya City-The third tourist area, Zone C"
منطقة (C),57,700.58,185,9,0,0,194,"135,912.52","33,978.13",1417,3,"New Minya City-The third tourist area, Zone C"
منطقة (C),58,500.00,185,0,0,0,185,"92,500.00","23,125.00",1417,3,"New Minya City-The third tourist area, Zone C"
منطقة (C),59,500.00,185,0,0,0,185,"92,500.00","23,125.00",1417,3,"New Minya City-The third tourist area, Zone C"
منطقة (C),6,517.41,185,9,0,0,194,"100,377.54","25,094.39",1417,3,"New Minya City-The third tourist area, Zone C"
منطقة (C),60,500.00,185,9,0,0,194,"97,000.00","24,250.00",1417,3,"New Minya City-The third tourist area, Zone C"
منطقة (C),61,500.00,185,9,0,0,194,"97,000.00","24,250.00",1417,3,"New Minya City-The third tourist area, Zone C"
منطقة (C),62,500.00,185,0,0,0,185,"92,500.00","23,125.00",1417,3,"New Minya City-The third tourist area, Zone C"
منطقة (C),63,500.00,185,0,0,0,185,"92,500.00","23,125.00",1417,3,"New Minya City-The third tourist area, Zone C"
منطقة (C),64,500.00,185,0,0,0,185,"92,500.00","23,125.00",1417,3,"New Minya City-The third tourist area, Zone C"
منطقة (C),67,500.00,185,0,0,0,185,"92,500.00","23,125.00",1417,3,"New Minya City-The third tourist area, Zone C"
منطقة (C),68,500.00,185,0,0,0,185,"92,500.00","23,125.00",1417,3,"New Minya City-The third tourist area, Zone C"
منطقة (C),69,500.00,185,0,0,0,185,"92,500.00","23,125.00",1417,3,"New Minya City-The third tourist area, Zone C"
منطقة (C),7,517.41,185,0,0,0,185,"95,720.85","23,930.21",1417,3,"New Minya City-The third tourist area, Zone C"
منطقة (C),70,500.00,185,9,0,0,194,"97,000.00","24,250.00",1417,3,"New Minya City-The third tourist area, Zone C"
منطقة (C),72,500.00,185,0,0,0,185,"92,500.00","23,125.00",1417,3,"New Minya City-The third tourist area, Zone C"
منطقة (C),73,500.00,185,0,0,0,185,"92,500.00","23,125.00",1417,3,"New Minya City-The third tourist area, Zone C"
منطقة (C),8,517.41,185,0,0,0,185,"95,720.85","23,930.21",1417,4,"New Minya City-The third tourist area, Zone C"
منطقة (C),9,517.41,185,0,0,0,185,"95,720.85","23,930.21",1417,4,"New Minya City-The third tourist area, Zone C"
